program;c.domain;adv.model;protocol;partysize;comp.time(s);comp.peakRAM(MiB);bin.filesize(MiB);comp.P0intin;comp.P1intin;comp.P2intin;comp.P0bitin;comp.P1bitin;compP2bitin;comp.intbits;comp.inttriples;comp.bittriples;comp.vmrounds;bandwidths(Mbs);input_size;runtime_internal(s);runtime_external(s);peakRAM(MiB);jobCPU(%);P0commRounds;P0dataSent(MB);ALLdataSent(MB);Tx(MB);Tx(rounds);Tx(s);Rx(MB);Rx(rounds);Rx(s);Brcasting(MB);Brcasting(rounds);Brcasting(s);TxRx(MB);TxRx(rounds);TxRx(s);Passing(MB);Passing(rounds);Passing(s);Part.Brcasting(MB);Part.Brcasting(rounds);Part.Brcasting(s);Ex(MB);Ex(rounds);Ex(s);Ex1to1(MB);Ex1to1(rounds);Ex1to1(s);Rx1to1(MB);Rx1to1(rounds);Rx1to1(s);Tx1to1(MB);Tx1to1(rounds);Tx1to1(s);Txtoall(MB);Txtoall(rounds);Txtoall(s)
31;FIELD;maldishonest;mascot;3;0.26;28;1;30;1;NA;NA;NA;NA;3120;1890;NA;213;10;30;144.314;144.38;387;142;~1096;311.974;894.386;NA;NA;NA;NA;NA;NA;NA;NA;NA;NA;NA;NA;NA;NA;NA;NA;NA;NA;NA;NA;NA;NA;NA;NA;NA;NA;NA;NA;NA;NA;NA;NA;NA
31;FIELD;maldishonest;mascot;3;NA;NA;NA;NA;NA;NA;NA;NA;NA;NA;NA;NA;NA;15;30;96.9808;97.06;386;138;~1096;311.974;894.386;NA;NA;NA;NA;NA;NA;NA;NA;NA;NA;NA;NA;NA;NA;NA;NA;NA;NA;NA;NA;NA;NA;NA;NA;NA;NA;NA;NA;NA;NA;NA;NA;NA
31;FIELD;maldishonest;mascot;3;NA;NA;NA;NA;NA;NA;NA;NA;NA;NA;NA;NA;NA;20;30;73.5167;73.60;384;138;~1096;311.974;894.386;NA;NA;NA;NA;NA;NA;NA;NA;NA;NA;NA;NA;NA;NA;NA;NA;NA;NA;NA;NA;NA;NA;NA;NA;NA;NA;NA;NA;NA;NA;NA;NA;NA
31;FIELD;maldishonest;mascot;3;NA;NA;NA;NA;NA;NA;NA;NA;NA;NA;NA;NA;NA;25;30;59.3883;59.46;387;135;~1096;311.974;894.386;NA;NA;NA;NA;NA;NA;NA;NA;NA;NA;NA;NA;NA;NA;NA;NA;NA;NA;NA;NA;NA;NA;NA;NA;NA;NA;NA;NA;NA;NA;NA;NA;NA
31;FIELD;maldishonest;mascot;3;NA;NA;NA;NA;NA;NA;NA;NA;NA;NA;NA;NA;NA;30;30;50.0667;50.15;382;141;~1096;311.974;894.386;NA;NA;NA;NA;NA;NA;NA;NA;NA;NA;NA;NA;NA;NA;NA;NA;NA;NA;NA;NA;NA;NA;NA;NA;NA;NA;NA;NA;NA;NA;NA;NA;NA
31;FIELD;maldishonest;mascot;3;NA;NA;NA;NA;NA;NA;NA;NA;NA;NA;NA;NA;NA;35;30;43.2757;43.35;386;142;~1096;311.974;894.386;NA;NA;NA;NA;NA;NA;NA;NA;NA;NA;NA;NA;NA;NA;NA;NA;NA;NA;NA;NA;NA;NA;NA;NA;NA;NA;NA;NA;NA;NA;NA;NA;NA
31;FIELD;maldishonest;mascot;3;NA;NA;NA;NA;NA;NA;NA;NA;NA;NA;NA;NA;NA;40;30;38.2833;38.36;387;143;~1096;311.974;894.386;NA;NA;NA;NA;NA;NA;NA;NA;NA;NA;NA;NA;NA;NA;NA;NA;NA;NA;NA;NA;NA;NA;NA;NA;NA;NA;NA;NA;NA;NA;NA;NA;NA
31;FIELD;maldishonest;mascot;3;NA;NA;NA;NA;NA;NA;NA;NA;NA;NA;NA;NA;NA;45;30;34.2914;34.36;387;143;~1096;311.974;894.386;NA;NA;NA;NA;NA;NA;NA;NA;NA;NA;NA;NA;NA;NA;NA;NA;NA;NA;NA;NA;NA;NA;NA;NA;NA;NA;NA;NA;NA;NA;NA;NA;NA
31;FIELD;maldishonest;mascot;3;NA;NA;NA;NA;NA;NA;NA;NA;NA;NA;NA;NA;NA;50;30;31.2662;31.34;384;138;~1096;311.974;894.386;NA;NA;NA;NA;NA;NA;NA;NA;NA;NA;NA;NA;NA;NA;NA;NA;NA;NA;NA;NA;NA;NA;NA;NA;NA;NA;NA;NA;NA;NA;NA;NA;NA
31;FIELD;maldishonest;mascot;3;NA;NA;NA;NA;NA;NA;NA;NA;NA;NA;NA;NA;NA;55;30;28.6707;28.74;386;139;~1096;311.974;894.386;NA;NA;NA;NA;NA;NA;NA;NA;NA;NA;NA;NA;NA;NA;NA;NA;NA;NA;NA;NA;NA;NA;NA;NA;NA;NA;NA;NA;NA;NA;NA;NA;NA
31;FIELD;maldishonest;mascot;3;NA;NA;NA;NA;NA;NA;NA;NA;NA;NA;NA;NA;NA;60;30;26.489;26.58;383;135;~1096;311.974;894.386;NA;NA;NA;NA;NA;NA;NA;NA;NA;NA;NA;NA;NA;NA;NA;NA;NA;NA;NA;NA;NA;NA;NA;NA;NA;NA;NA;NA;NA;NA;NA;NA;NA
31;FIELD;maldishonest;mascot;3;NA;NA;NA;NA;NA;NA;NA;NA;NA;NA;NA;NA;NA;65;30;24.5119;24.59;384;141;~1096;311.974;894.386;NA;NA;NA;NA;NA;NA;NA;NA;NA;NA;NA;NA;NA;NA;NA;NA;NA;NA;NA;NA;NA;NA;NA;NA;NA;NA;NA;NA;NA;NA;NA;NA;NA
31;FIELD;maldishonest;mascot;3;NA;NA;NA;NA;NA;NA;NA;NA;NA;NA;NA;NA;NA;70;30;22.9273;23.00;387;138;~1096;311.974;894.386;NA;NA;NA;NA;NA;NA;NA;NA;NA;NA;NA;NA;NA;NA;NA;NA;NA;NA;NA;NA;NA;NA;NA;NA;NA;NA;NA;NA;NA;NA;NA;NA;NA
31;FIELD;maldishonest;mascot;3;NA;NA;NA;NA;NA;NA;NA;NA;NA;NA;NA;NA;NA;75;30;21.6098;21.69;385;142;~1096;311.974;894.386;NA;NA;NA;NA;NA;NA;NA;NA;NA;NA;NA;NA;NA;NA;NA;NA;NA;NA;NA;NA;NA;NA;NA;NA;NA;NA;NA;NA;NA;NA;NA;NA;NA
31;FIELD;maldishonest;mascot;3;NA;NA;NA;NA;NA;NA;NA;NA;NA;NA;NA;NA;NA;80;30;20.3745;20.45;385;143;~1096;311.974;894.386;NA;NA;NA;NA;NA;NA;NA;NA;NA;NA;NA;NA;NA;NA;NA;NA;NA;NA;NA;NA;NA;NA;NA;NA;NA;NA;NA;NA;NA;NA;NA;NA;NA
31;FIELD;maldishonest;mascot;3;NA;NA;NA;NA;NA;NA;NA;NA;NA;NA;NA;NA;NA;85;30;19.3828;19.45;384;144;~1096;311.974;894.386;NA;NA;NA;NA;NA;NA;NA;NA;NA;NA;NA;NA;NA;NA;NA;NA;NA;NA;NA;NA;NA;NA;NA;NA;NA;NA;NA;NA;NA;NA;NA;NA;NA
31;FIELD;maldishonest;mascot;3;NA;NA;NA;NA;NA;NA;NA;NA;NA;NA;NA;NA;NA;90;30;18.4893;18.58;384;142;~1096;311.974;894.386;NA;NA;NA;NA;NA;NA;NA;NA;NA;NA;NA;NA;NA;NA;NA;NA;NA;NA;NA;NA;NA;NA;NA;NA;NA;NA;NA;NA;NA;NA;NA;NA;NA
31;FIELD;maldishonest;mascot;3;NA;NA;NA;NA;NA;NA;NA;NA;NA;NA;NA;NA;NA;95;30;17.6742;17.75;386;144;~1096;311.974;894.386;NA;NA;NA;NA;NA;NA;NA;NA;NA;NA;NA;NA;NA;NA;NA;NA;NA;NA;NA;NA;NA;NA;NA;NA;NA;NA;NA;NA;NA;NA;NA;NA;NA
31;FIELD;maldishonest;mascot;3;NA;NA;NA;NA;NA;NA;NA;NA;NA;NA;NA;NA;NA;100;30;16.9491;17.02;385;138;~1096;311.974;894.386;NA;NA;NA;NA;NA;NA;NA;NA;NA;NA;NA;NA;NA;NA;NA;NA;NA;NA;NA;NA;NA;NA;NA;NA;NA;NA;NA;NA;NA;NA;NA;NA;NA
31;FIELD;semidishonest;hemi;3;0.26;28;1;30;1;NA;NA;NA;NA;3120;1890;NA;213;10;30;2.78372;3.86;45;76;~879;3.52423;10.1947;NA;NA;NA;NA;NA;NA;NA;NA;NA;NA;NA;NA;NA;NA;NA;NA;NA;NA;NA;NA;NA;NA;NA;NA;NA;NA;NA;NA;NA;NA;NA;NA;NA
31;FIELD;semidishonest;hemi;3;NA;NA;NA;NA;NA;NA;NA;NA;NA;NA;NA;NA;NA;15;30;2.03909;2.78;45;78;~879;3.52423;10.1947;NA;NA;NA;NA;NA;NA;NA;NA;NA;NA;NA;NA;NA;NA;NA;NA;NA;NA;NA;NA;NA;NA;NA;NA;NA;NA;NA;NA;NA;NA;NA;NA;NA
31;FIELD;semidishonest;hemi;3;NA;NA;NA;NA;NA;NA;NA;NA;NA;NA;NA;NA;NA;20;30;1.72229;2.30;43;78;~879;3.52423;10.1947;NA;NA;NA;NA;NA;NA;NA;NA;NA;NA;NA;NA;NA;NA;NA;NA;NA;NA;NA;NA;NA;NA;NA;NA;NA;NA;NA;NA;NA;NA;NA;NA;NA
31;FIELD;semidishonest;hemi;3;NA;NA;NA;NA;NA;NA;NA;NA;NA;NA;NA;NA;NA;25;30;1.40989;1.89;45;81;~879;3.52423;10.1947;NA;NA;NA;NA;NA;NA;NA;NA;NA;NA;NA;NA;NA;NA;NA;NA;NA;NA;NA;NA;NA;NA;NA;NA;NA;NA;NA;NA;NA;NA;NA;NA;NA
31;FIELD;semidishonest;hemi;3;NA;NA;NA;NA;NA;NA;NA;NA;NA;NA;NA;NA;NA;30;30;1.33729;1.75;43;78;~879;3.52423;10.1947;NA;NA;NA;NA;NA;NA;NA;NA;NA;NA;NA;NA;NA;NA;NA;NA;NA;NA;NA;NA;NA;NA;NA;NA;NA;NA;NA;NA;NA;NA;NA;NA;NA
31;FIELD;semidishonest;hemi;3;NA;NA;NA;NA;NA;NA;NA;NA;NA;NA;NA;NA;NA;35;30;1.24527;1.61;45;79;~879;3.52423;10.1947;NA;NA;NA;NA;NA;NA;NA;NA;NA;NA;NA;NA;NA;NA;NA;NA;NA;NA;NA;NA;NA;NA;NA;NA;NA;NA;NA;NA;NA;NA;NA;NA;NA
31;FIELD;semidishonest;hemi;3;NA;NA;NA;NA;NA;NA;NA;NA;NA;NA;NA;NA;NA;40;30;1.13375;1.46;45;80;~879;3.52423;10.1947;NA;NA;NA;NA;NA;NA;NA;NA;NA;NA;NA;NA;NA;NA;NA;NA;NA;NA;NA;NA;NA;NA;NA;NA;NA;NA;NA;NA;NA;NA;NA;NA;NA
31;FIELD;semidishonest;hemi;3;NA;NA;NA;NA;NA;NA;NA;NA;NA;NA;NA;NA;NA;45;30;1.03805;1.36;43;79;~879;3.52423;10.1947;NA;NA;NA;NA;NA;NA;NA;NA;NA;NA;NA;NA;NA;NA;NA;NA;NA;NA;NA;NA;NA;NA;NA;NA;NA;NA;NA;NA;NA;NA;NA;NA;NA
31;FIELD;semidishonest;hemi;3;NA;NA;NA;NA;NA;NA;NA;NA;NA;NA;NA;NA;NA;50;30;1.00089;1.28;43;79;~879;3.52423;10.1947;NA;NA;NA;NA;NA;NA;NA;NA;NA;NA;NA;NA;NA;NA;NA;NA;NA;NA;NA;NA;NA;NA;NA;NA;NA;NA;NA;NA;NA;NA;NA;NA;NA
31;FIELD;semidishonest;hemi;3;NA;NA;NA;NA;NA;NA;NA;NA;NA;NA;NA;NA;NA;55;30;0.960391;1.24;45;81;~879;3.52423;10.1947;NA;NA;NA;NA;NA;NA;NA;NA;NA;NA;NA;NA;NA;NA;NA;NA;NA;NA;NA;NA;NA;NA;NA;NA;NA;NA;NA;NA;NA;NA;NA;NA;NA
31;FIELD;semidishonest;hemi;3;NA;NA;NA;NA;NA;NA;NA;NA;NA;NA;NA;NA;NA;60;30;0.903791;1.16;43;82;~879;3.52423;10.1947;NA;NA;NA;NA;NA;NA;NA;NA;NA;NA;NA;NA;NA;NA;NA;NA;NA;NA;NA;NA;NA;NA;NA;NA;NA;NA;NA;NA;NA;NA;NA;NA;NA
31;FIELD;semidishonest;hemi;3;NA;NA;NA;NA;NA;NA;NA;NA;NA;NA;NA;NA;NA;65;30;0.884613;1.12;43;79;~879;3.52423;10.1947;NA;NA;NA;NA;NA;NA;NA;NA;NA;NA;NA;NA;NA;NA;NA;NA;NA;NA;NA;NA;NA;NA;NA;NA;NA;NA;NA;NA;NA;NA;NA;NA;NA
31;FIELD;semidishonest;hemi;3;NA;NA;NA;NA;NA;NA;NA;NA;NA;NA;NA;NA;NA;70;30;0.859834;1.11;43;80;~879;3.52423;10.1947;NA;NA;NA;NA;NA;NA;NA;NA;NA;NA;NA;NA;NA;NA;NA;NA;NA;NA;NA;NA;NA;NA;NA;NA;NA;NA;NA;NA;NA;NA;NA;NA;NA
31;FIELD;semidishonest;hemi;3;NA;NA;NA;NA;NA;NA;NA;NA;NA;NA;NA;NA;NA;75;30;0.826641;1.05;43;82;~879;3.52423;10.1947;NA;NA;NA;NA;NA;NA;NA;NA;NA;NA;NA;NA;NA;NA;NA;NA;NA;NA;NA;NA;NA;NA;NA;NA;NA;NA;NA;NA;NA;NA;NA;NA;NA
31;FIELD;semidishonest;hemi;3;NA;NA;NA;NA;NA;NA;NA;NA;NA;NA;NA;NA;NA;80;30;0.784628;0.99;43;82;~879;3.52423;10.1947;NA;NA;NA;NA;NA;NA;NA;NA;NA;NA;NA;NA;NA;NA;NA;NA;NA;NA;NA;NA;NA;NA;NA;NA;NA;NA;NA;NA;NA;NA;NA;NA;NA
31;FIELD;semidishonest;hemi;3;NA;NA;NA;NA;NA;NA;NA;NA;NA;NA;NA;NA;NA;85;30;0.757258;0.95;43;84;~879;3.52423;10.1947;NA;NA;NA;NA;NA;NA;NA;NA;NA;NA;NA;NA;NA;NA;NA;NA;NA;NA;NA;NA;NA;NA;NA;NA;NA;NA;NA;NA;NA;NA;NA;NA;NA
31;FIELD;semidishonest;hemi;3;NA;NA;NA;NA;NA;NA;NA;NA;NA;NA;NA;NA;NA;90;30;0.766505;0.96;45;82;~879;3.52423;10.1947;NA;NA;NA;NA;NA;NA;NA;NA;NA;NA;NA;NA;NA;NA;NA;NA;NA;NA;NA;NA;NA;NA;NA;NA;NA;NA;NA;NA;NA;NA;NA;NA;NA
31;FIELD;semidishonest;hemi;3;NA;NA;NA;NA;NA;NA;NA;NA;NA;NA;NA;NA;NA;95;30;0.749065;0.93;43;83;~879;3.52423;10.1947;NA;NA;NA;NA;NA;NA;NA;NA;NA;NA;NA;NA;NA;NA;NA;NA;NA;NA;NA;NA;NA;NA;NA;NA;NA;NA;NA;NA;NA;NA;NA;NA;NA
31;FIELD;semidishonest;hemi;3;NA;NA;NA;NA;NA;NA;NA;NA;NA;NA;NA;NA;NA;100;30;0.69332;0.88;43;84;~879;3.52423;10.1947;NA;NA;NA;NA;NA;NA;NA;NA;NA;NA;NA;NA;NA;NA;NA;NA;NA;NA;NA;NA;NA;NA;NA;NA;NA;NA;NA;NA;NA;NA;NA;NA;NA
31;FIELD;semidishonest;semi;3;0.26;28;1;30;1;NA;NA;NA;NA;3120;1890;NA;213;10;30;20.4235;20.48;65;129;~900;49.5791;148.359;NA;NA;NA;NA;NA;NA;NA;NA;NA;NA;NA;NA;NA;NA;NA;NA;NA;NA;NA;NA;NA;NA;NA;NA;NA;NA;NA;NA;NA;NA;NA;NA;NA
31;FIELD;semidishonest;semi;3;NA;NA;NA;NA;NA;NA;NA;NA;NA;NA;NA;NA;NA;15;30;13.7756;13.84;61;106;~900;49.5791;148.359;NA;NA;NA;NA;NA;NA;NA;NA;NA;NA;NA;NA;NA;NA;NA;NA;NA;NA;NA;NA;NA;NA;NA;NA;NA;NA;NA;NA;NA;NA;NA;NA;NA
31;FIELD;semidishonest;semi;3;NA;NA;NA;NA;NA;NA;NA;NA;NA;NA;NA;NA;NA;20;30;10.4334;10.50;63;120;~900;49.5791;148.359;NA;NA;NA;NA;NA;NA;NA;NA;NA;NA;NA;NA;NA;NA;NA;NA;NA;NA;NA;NA;NA;NA;NA;NA;NA;NA;NA;NA;NA;NA;NA;NA;NA
31;FIELD;semidishonest;semi;3;NA;NA;NA;NA;NA;NA;NA;NA;NA;NA;NA;NA;NA;25;30;8.45394;8.51;63;103;~900;49.5791;148.359;NA;NA;NA;NA;NA;NA;NA;NA;NA;NA;NA;NA;NA;NA;NA;NA;NA;NA;NA;NA;NA;NA;NA;NA;NA;NA;NA;NA;NA;NA;NA;NA;NA
31;FIELD;semidishonest;semi;3;NA;NA;NA;NA;NA;NA;NA;NA;NA;NA;NA;NA;NA;30;30;7.14595;7.21;64;93;~900;49.5791;148.359;NA;NA;NA;NA;NA;NA;NA;NA;NA;NA;NA;NA;NA;NA;NA;NA;NA;NA;NA;NA;NA;NA;NA;NA;NA;NA;NA;NA;NA;NA;NA;NA;NA
31;FIELD;semidishonest;semi;3;NA;NA;NA;NA;NA;NA;NA;NA;NA;NA;NA;NA;NA;35;30;6.2548;6.33;62;111;~900;49.5791;148.359;NA;NA;NA;NA;NA;NA;NA;NA;NA;NA;NA;NA;NA;NA;NA;NA;NA;NA;NA;NA;NA;NA;NA;NA;NA;NA;NA;NA;NA;NA;NA;NA;NA
31;FIELD;semidishonest;semi;3;NA;NA;NA;NA;NA;NA;NA;NA;NA;NA;NA;NA;NA;40;30;5.55671;5.62;63;128;~900;49.5791;148.359;NA;NA;NA;NA;NA;NA;NA;NA;NA;NA;NA;NA;NA;NA;NA;NA;NA;NA;NA;NA;NA;NA;NA;NA;NA;NA;NA;NA;NA;NA;NA;NA;NA
31;FIELD;semidishonest;semi;3;NA;NA;NA;NA;NA;NA;NA;NA;NA;NA;NA;NA;NA;45;30;4.98738;5.05;64;132;~900;49.5791;148.359;NA;NA;NA;NA;NA;NA;NA;NA;NA;NA;NA;NA;NA;NA;NA;NA;NA;NA;NA;NA;NA;NA;NA;NA;NA;NA;NA;NA;NA;NA;NA;NA;NA
31;FIELD;semidishonest;semi;3;NA;NA;NA;NA;NA;NA;NA;NA;NA;NA;NA;NA;NA;50;30;4.52403;4.59;64;124;~900;49.5791;148.359;NA;NA;NA;NA;NA;NA;NA;NA;NA;NA;NA;NA;NA;NA;NA;NA;NA;NA;NA;NA;NA;NA;NA;NA;NA;NA;NA;NA;NA;NA;NA;NA;NA
31;FIELD;semidishonest;semi;3;NA;NA;NA;NA;NA;NA;NA;NA;NA;NA;NA;NA;NA;55;30;4.19863;4.26;63;133;~900;49.5791;148.359;NA;NA;NA;NA;NA;NA;NA;NA;NA;NA;NA;NA;NA;NA;NA;NA;NA;NA;NA;NA;NA;NA;NA;NA;NA;NA;NA;NA;NA;NA;NA;NA;NA
31;FIELD;semidishonest;semi;3;NA;NA;NA;NA;NA;NA;NA;NA;NA;NA;NA;NA;NA;60;30;3.86635;3.94;63;129;~900;49.5791;148.359;NA;NA;NA;NA;NA;NA;NA;NA;NA;NA;NA;NA;NA;NA;NA;NA;NA;NA;NA;NA;NA;NA;NA;NA;NA;NA;NA;NA;NA;NA;NA;NA;NA
31;FIELD;semidishonest;semi;3;NA;NA;NA;NA;NA;NA;NA;NA;NA;NA;NA;NA;NA;65;30;3.68196;3.75;63;128;~900;49.5791;148.359;NA;NA;NA;NA;NA;NA;NA;NA;NA;NA;NA;NA;NA;NA;NA;NA;NA;NA;NA;NA;NA;NA;NA;NA;NA;NA;NA;NA;NA;NA;NA;NA;NA
31;FIELD;semidishonest;semi;3;NA;NA;NA;NA;NA;NA;NA;NA;NA;NA;NA;NA;NA;70;30;3.47205;3.54;63;122;~900;49.5791;148.359;NA;NA;NA;NA;NA;NA;NA;NA;NA;NA;NA;NA;NA;NA;NA;NA;NA;NA;NA;NA;NA;NA;NA;NA;NA;NA;NA;NA;NA;NA;NA;NA;NA
31;FIELD;semidishonest;semi;3;NA;NA;NA;NA;NA;NA;NA;NA;NA;NA;NA;NA;NA;75;30;3.28862;3.36;62;130;~900;49.5791;148.359;NA;NA;NA;NA;NA;NA;NA;NA;NA;NA;NA;NA;NA;NA;NA;NA;NA;NA;NA;NA;NA;NA;NA;NA;NA;NA;NA;NA;NA;NA;NA;NA;NA
31;FIELD;semidishonest;semi;3;NA;NA;NA;NA;NA;NA;NA;NA;NA;NA;NA;NA;NA;80;30;3.14222;3.20;62;139;~900;49.5791;148.359;NA;NA;NA;NA;NA;NA;NA;NA;NA;NA;NA;NA;NA;NA;NA;NA;NA;NA;NA;NA;NA;NA;NA;NA;NA;NA;NA;NA;NA;NA;NA;NA;NA
31;FIELD;semidishonest;semi;3;NA;NA;NA;NA;NA;NA;NA;NA;NA;NA;NA;NA;NA;85;30;2.98888;3.06;62;133;~900;49.5791;148.359;NA;NA;NA;NA;NA;NA;NA;NA;NA;NA;NA;NA;NA;NA;NA;NA;NA;NA;NA;NA;NA;NA;NA;NA;NA;NA;NA;NA;NA;NA;NA;NA;NA
31;FIELD;semidishonest;semi;3;NA;NA;NA;NA;NA;NA;NA;NA;NA;NA;NA;NA;NA;90;30;2.87201;2.93;61;129;~900;49.5791;148.359;NA;NA;NA;NA;NA;NA;NA;NA;NA;NA;NA;NA;NA;NA;NA;NA;NA;NA;NA;NA;NA;NA;NA;NA;NA;NA;NA;NA;NA;NA;NA;NA;NA
31;FIELD;semidishonest;semi;3;NA;NA;NA;NA;NA;NA;NA;NA;NA;NA;NA;NA;NA;95;30;2.73546;2.80;63;131;~900;49.5791;148.359;NA;NA;NA;NA;NA;NA;NA;NA;NA;NA;NA;NA;NA;NA;NA;NA;NA;NA;NA;NA;NA;NA;NA;NA;NA;NA;NA;NA;NA;NA;NA;NA;NA
31;FIELD;semidishonest;semi;3;NA;NA;NA;NA;NA;NA;NA;NA;NA;NA;NA;NA;NA;100;30;2.65542;2.72;61;130;~900;49.5791;148.359;NA;NA;NA;NA;NA;NA;NA;NA;NA;NA;NA;NA;NA;NA;NA;NA;NA;NA;NA;NA;NA;NA;NA;NA;NA;NA;NA;NA;NA;NA;NA;NA;NA
31;FIELD;semidishonest;temi;3;0.26;28;1;30;1;NA;NA;NA;NA;3120;1890;NA;213;10;30;3.38098;6.17;39;57;~886;4.30659;9.39551;NA;NA;NA;NA;NA;NA;NA;NA;NA;NA;NA;NA;NA;NA;NA;NA;NA;NA;NA;NA;NA;NA;NA;NA;NA;NA;NA;NA;NA;NA;NA;NA;NA
31;FIELD;semidishonest;temi;3;NA;NA;NA;NA;NA;NA;NA;NA;NA;NA;NA;NA;NA;15;30;2.38907;4.26;32;67;~886;4.30653;9.39558;NA;NA;NA;NA;NA;NA;NA;NA;NA;NA;NA;NA;NA;NA;NA;NA;NA;NA;NA;NA;NA;NA;NA;NA;NA;NA;NA;NA;NA;NA;NA;NA;NA
31;FIELD;semidishonest;temi;3;NA;NA;NA;NA;NA;NA;NA;NA;NA;NA;NA;NA;NA;20;30;1.8969;3.32;31;67;~886;4.30656;9.39554;NA;NA;NA;NA;NA;NA;NA;NA;NA;NA;NA;NA;NA;NA;NA;NA;NA;NA;NA;NA;NA;NA;NA;NA;NA;NA;NA;NA;NA;NA;NA;NA;NA
31;FIELD;semidishonest;temi;3;NA;NA;NA;NA;NA;NA;NA;NA;NA;NA;NA;NA;NA;25;30;1.59957;2.76;29;67;~886;4.30663;9.39572;NA;NA;NA;NA;NA;NA;NA;NA;NA;NA;NA;NA;NA;NA;NA;NA;NA;NA;NA;NA;NA;NA;NA;NA;NA;NA;NA;NA;NA;NA;NA;NA;NA
31;FIELD;semidishonest;temi;3;NA;NA;NA;NA;NA;NA;NA;NA;NA;NA;NA;NA;NA;30;30;1.42691;2.43;29;67;~886;4.30648;9.39516;NA;NA;NA;NA;NA;NA;NA;NA;NA;NA;NA;NA;NA;NA;NA;NA;NA;NA;NA;NA;NA;NA;NA;NA;NA;NA;NA;NA;NA;NA;NA;NA;NA
31;FIELD;semidishonest;temi;3;NA;NA;NA;NA;NA;NA;NA;NA;NA;NA;NA;NA;NA;35;30;1.25807;2.13;29;69;~886;4.30652;9.39555;NA;NA;NA;NA;NA;NA;NA;NA;NA;NA;NA;NA;NA;NA;NA;NA;NA;NA;NA;NA;NA;NA;NA;NA;NA;NA;NA;NA;NA;NA;NA;NA;NA
31;FIELD;semidishonest;temi;3;NA;NA;NA;NA;NA;NA;NA;NA;NA;NA;NA;NA;NA;40;30;1.16014;1.94;29;70;~886;4.30677;9.39582;NA;NA;NA;NA;NA;NA;NA;NA;NA;NA;NA;NA;NA;NA;NA;NA;NA;NA;NA;NA;NA;NA;NA;NA;NA;NA;NA;NA;NA;NA;NA;NA;NA
31;FIELD;semidishonest;temi;3;NA;NA;NA;NA;NA;NA;NA;NA;NA;NA;NA;NA;NA;45;30;1.07891;1.76;31;70;~886;4.30662;9.39567;NA;NA;NA;NA;NA;NA;NA;NA;NA;NA;NA;NA;NA;NA;NA;NA;NA;NA;NA;NA;NA;NA;NA;NA;NA;NA;NA;NA;NA;NA;NA;NA;NA
31;FIELD;semidishonest;temi;3;NA;NA;NA;NA;NA;NA;NA;NA;NA;NA;NA;NA;NA;50;30;1.00764;1.65;30;71;~886;4.30646;9.39542;NA;NA;NA;NA;NA;NA;NA;NA;NA;NA;NA;NA;NA;NA;NA;NA;NA;NA;NA;NA;NA;NA;NA;NA;NA;NA;NA;NA;NA;NA;NA;NA;NA
31;FIELD;semidishonest;temi;3;NA;NA;NA;NA;NA;NA;NA;NA;NA;NA;NA;NA;NA;55;30;0.958142;1.56;31;71;~886;4.30663;9.39556;NA;NA;NA;NA;NA;NA;NA;NA;NA;NA;NA;NA;NA;NA;NA;NA;NA;NA;NA;NA;NA;NA;NA;NA;NA;NA;NA;NA;NA;NA;NA;NA;NA
31;FIELD;semidishonest;temi;3;NA;NA;NA;NA;NA;NA;NA;NA;NA;NA;NA;NA;NA;60;30;0.900267;1.45;31;71;~886;4.30656;9.39539;NA;NA;NA;NA;NA;NA;NA;NA;NA;NA;NA;NA;NA;NA;NA;NA;NA;NA;NA;NA;NA;NA;NA;NA;NA;NA;NA;NA;NA;NA;NA;NA;NA
31;FIELD;semidishonest;temi;3;NA;NA;NA;NA;NA;NA;NA;NA;NA;NA;NA;NA;NA;65;30;0.886408;1.41;29;71;~886;4.30658;9.39544;NA;NA;NA;NA;NA;NA;NA;NA;NA;NA;NA;NA;NA;NA;NA;NA;NA;NA;NA;NA;NA;NA;NA;NA;NA;NA;NA;NA;NA;NA;NA;NA;NA
31;FIELD;semidishonest;temi;3;NA;NA;NA;NA;NA;NA;NA;NA;NA;NA;NA;NA;NA;70;30;0.823981;1.32;31;72;~886;4.30664;9.3956;NA;NA;NA;NA;NA;NA;NA;NA;NA;NA;NA;NA;NA;NA;NA;NA;NA;NA;NA;NA;NA;NA;NA;NA;NA;NA;NA;NA;NA;NA;NA;NA;NA
31;FIELD;semidishonest;temi;3;NA;NA;NA;NA;NA;NA;NA;NA;NA;NA;NA;NA;NA;75;30;0.822819;1.29;31;71;~886;4.3067;9.39574;NA;NA;NA;NA;NA;NA;NA;NA;NA;NA;NA;NA;NA;NA;NA;NA;NA;NA;NA;NA;NA;NA;NA;NA;NA;NA;NA;NA;NA;NA;NA;NA;NA
31;FIELD;semidishonest;temi;3;NA;NA;NA;NA;NA;NA;NA;NA;NA;NA;NA;NA;NA;80;30;0.784757;1.21;29;72;~886;4.30653;9.39566;NA;NA;NA;NA;NA;NA;NA;NA;NA;NA;NA;NA;NA;NA;NA;NA;NA;NA;NA;NA;NA;NA;NA;NA;NA;NA;NA;NA;NA;NA;NA;NA;NA
31;FIELD;semidishonest;temi;3;NA;NA;NA;NA;NA;NA;NA;NA;NA;NA;NA;NA;NA;85;30;0.76116;1.17;29;73;~886;4.30658;9.39561;NA;NA;NA;NA;NA;NA;NA;NA;NA;NA;NA;NA;NA;NA;NA;NA;NA;NA;NA;NA;NA;NA;NA;NA;NA;NA;NA;NA;NA;NA;NA;NA;NA
31;FIELD;semidishonest;temi;3;NA;NA;NA;NA;NA;NA;NA;NA;NA;NA;NA;NA;NA;90;30;0.730531;1.14;29;74;~886;4.30672;9.39587;NA;NA;NA;NA;NA;NA;NA;NA;NA;NA;NA;NA;NA;NA;NA;NA;NA;NA;NA;NA;NA;NA;NA;NA;NA;NA;NA;NA;NA;NA;NA;NA;NA
31;FIELD;semidishonest;temi;3;NA;NA;NA;NA;NA;NA;NA;NA;NA;NA;NA;NA;NA;95;30;0.733421;1.12;29;72;~886;4.3066;9.39562;NA;NA;NA;NA;NA;NA;NA;NA;NA;NA;NA;NA;NA;NA;NA;NA;NA;NA;NA;NA;NA;NA;NA;NA;NA;NA;NA;NA;NA;NA;NA;NA;NA
31;FIELD;semidishonest;temi;3;NA;NA;NA;NA;NA;NA;NA;NA;NA;NA;NA;NA;NA;100;30;0.690595;1.07;30;72;~886;4.30659;9.39561;NA;NA;NA;NA;NA;NA;NA;NA;NA;NA;NA;NA;NA;NA;NA;NA;NA;NA;NA;NA;NA;NA;NA;NA;NA;NA;NA;NA;NA;NA;NA;NA;NA
31;FIELD;semidishonest;soho;3;0.26;28;1;30;1;NA;NA;NA;NA;3120;1890;NA;213;10;30;13.4335;29.80;165;93;~867;17.479;52.1874;NA;NA;NA;NA;NA;NA;NA;NA;NA;NA;NA;NA;NA;NA;NA;NA;NA;NA;NA;NA;NA;NA;NA;NA;NA;NA;NA;NA;NA;NA;NA;NA;NA
31;FIELD;semidishonest;soho;3;NA;NA;NA;NA;NA;NA;NA;NA;NA;NA;NA;NA;NA;15;30;9.311;18.85;108;93;~867;17.4789;52.1871;NA;NA;NA;NA;NA;NA;NA;NA;NA;NA;NA;NA;NA;NA;NA;NA;NA;NA;NA;NA;NA;NA;NA;NA;NA;NA;NA;NA;NA;NA;NA;NA;NA
31;FIELD;semidishonest;soho;3;NA;NA;NA;NA;NA;NA;NA;NA;NA;NA;NA;NA;NA;20;30;7.60193;14.78;111;88;~867;17.4791;52.1874;NA;NA;NA;NA;NA;NA;NA;NA;NA;NA;NA;NA;NA;NA;NA;NA;NA;NA;NA;NA;NA;NA;NA;NA;NA;NA;NA;NA;NA;NA;NA;NA;NA
31;FIELD;semidishonest;soho;3;NA;NA;NA;NA;NA;NA;NA;NA;NA;NA;NA;NA;NA;25;30;6.52614;12.32;111;92;~867;17.4791;52.1876;NA;NA;NA;NA;NA;NA;NA;NA;NA;NA;NA;NA;NA;NA;NA;NA;NA;NA;NA;NA;NA;NA;NA;NA;NA;NA;NA;NA;NA;NA;NA;NA;NA
31;FIELD;semidishonest;soho;3;NA;NA;NA;NA;NA;NA;NA;NA;NA;NA;NA;NA;NA;30;30;5.59182;10.44;109;94;~867;17.4791;52.1874;NA;NA;NA;NA;NA;NA;NA;NA;NA;NA;NA;NA;NA;NA;NA;NA;NA;NA;NA;NA;NA;NA;NA;NA;NA;NA;NA;NA;NA;NA;NA;NA;NA
31;FIELD;semidishonest;soho;3;NA;NA;NA;NA;NA;NA;NA;NA;NA;NA;NA;NA;NA;35;30;4.85592;9.03;112;95;~867;17.4791;52.1877;NA;NA;NA;NA;NA;NA;NA;NA;NA;NA;NA;NA;NA;NA;NA;NA;NA;NA;NA;NA;NA;NA;NA;NA;NA;NA;NA;NA;NA;NA;NA;NA;NA
31;FIELD;semidishonest;soho;3;NA;NA;NA;NA;NA;NA;NA;NA;NA;NA;NA;NA;NA;40;30;4.64101;8.29;110;91;~867;17.479;52.1872;NA;NA;NA;NA;NA;NA;NA;NA;NA;NA;NA;NA;NA;NA;NA;NA;NA;NA;NA;NA;NA;NA;NA;NA;NA;NA;NA;NA;NA;NA;NA;NA;NA
31;FIELD;semidishonest;soho;3;NA;NA;NA;NA;NA;NA;NA;NA;NA;NA;NA;NA;NA;45;30;4.29914;7.57;113;93;~867;17.4789;52.1873;NA;NA;NA;NA;NA;NA;NA;NA;NA;NA;NA;NA;NA;NA;NA;NA;NA;NA;NA;NA;NA;NA;NA;NA;NA;NA;NA;NA;NA;NA;NA;NA;NA
31;FIELD;semidishonest;soho;3;NA;NA;NA;NA;NA;NA;NA;NA;NA;NA;NA;NA;NA;50;30;3.85801;6.81;109;93;~867;17.4793;52.1874;NA;NA;NA;NA;NA;NA;NA;NA;NA;NA;NA;NA;NA;NA;NA;NA;NA;NA;NA;NA;NA;NA;NA;NA;NA;NA;NA;NA;NA;NA;NA;NA;NA
31;FIELD;semidishonest;soho;3;NA;NA;NA;NA;NA;NA;NA;NA;NA;NA;NA;NA;NA;55;30;3.80226;6.54;110;95;~867;17.4789;52.187;NA;NA;NA;NA;NA;NA;NA;NA;NA;NA;NA;NA;NA;NA;NA;NA;NA;NA;NA;NA;NA;NA;NA;NA;NA;NA;NA;NA;NA;NA;NA;NA;NA
31;FIELD;semidishonest;soho;3;NA;NA;NA;NA;NA;NA;NA;NA;NA;NA;NA;NA;NA;60;30;3.59756;6.13;110;93;~867;17.479;52.1874;NA;NA;NA;NA;NA;NA;NA;NA;NA;NA;NA;NA;NA;NA;NA;NA;NA;NA;NA;NA;NA;NA;NA;NA;NA;NA;NA;NA;NA;NA;NA;NA;NA
31;FIELD;semidishonest;soho;3;NA;NA;NA;NA;NA;NA;NA;NA;NA;NA;NA;NA;NA;65;30;3.51088;5.86;113;92;~867;17.479;52.1875;NA;NA;NA;NA;NA;NA;NA;NA;NA;NA;NA;NA;NA;NA;NA;NA;NA;NA;NA;NA;NA;NA;NA;NA;NA;NA;NA;NA;NA;NA;NA;NA;NA
31;FIELD;semidishonest;soho;3;NA;NA;NA;NA;NA;NA;NA;NA;NA;NA;NA;NA;NA;70;30;3.18348;5.36;112;96;~867;17.4789;52.187;NA;NA;NA;NA;NA;NA;NA;NA;NA;NA;NA;NA;NA;NA;NA;NA;NA;NA;NA;NA;NA;NA;NA;NA;NA;NA;NA;NA;NA;NA;NA;NA;NA
31;FIELD;semidishonest;soho;3;NA;NA;NA;NA;NA;NA;NA;NA;NA;NA;NA;NA;NA;75;30;3.25001;5.30;111;93;~867;17.4791;52.1876;NA;NA;NA;NA;NA;NA;NA;NA;NA;NA;NA;NA;NA;NA;NA;NA;NA;NA;NA;NA;NA;NA;NA;NA;NA;NA;NA;NA;NA;NA;NA;NA;NA
31;FIELD;semidishonest;soho;3;NA;NA;NA;NA;NA;NA;NA;NA;NA;NA;NA;NA;NA;80;30;3.11356;5.00;110;93;~867;17.4791;52.1873;NA;NA;NA;NA;NA;NA;NA;NA;NA;NA;NA;NA;NA;NA;NA;NA;NA;NA;NA;NA;NA;NA;NA;NA;NA;NA;NA;NA;NA;NA;NA;NA;NA
31;FIELD;semidishonest;soho;3;NA;NA;NA;NA;NA;NA;NA;NA;NA;NA;NA;NA;NA;85;30;3.00339;4.82;109;95;~867;17.4793;52.1876;NA;NA;NA;NA;NA;NA;NA;NA;NA;NA;NA;NA;NA;NA;NA;NA;NA;NA;NA;NA;NA;NA;NA;NA;NA;NA;NA;NA;NA;NA;NA;NA;NA
31;FIELD;semidishonest;soho;3;NA;NA;NA;NA;NA;NA;NA;NA;NA;NA;NA;NA;NA;90;30;2.89434;4.65;111;94;~867;17.4789;52.1871;NA;NA;NA;NA;NA;NA;NA;NA;NA;NA;NA;NA;NA;NA;NA;NA;NA;NA;NA;NA;NA;NA;NA;NA;NA;NA;NA;NA;NA;NA;NA;NA;NA
31;FIELD;semidishonest;soho;3;NA;NA;NA;NA;NA;NA;NA;NA;NA;NA;NA;NA;NA;95;30;2.87898;4.52;112;94;~867;17.479;52.1869;NA;NA;NA;NA;NA;NA;NA;NA;NA;NA;NA;NA;NA;NA;NA;NA;NA;NA;NA;NA;NA;NA;NA;NA;NA;NA;NA;NA;NA;NA;NA;NA;NA
31;FIELD;semidishonest;soho;3;NA;NA;NA;NA;NA;NA;NA;NA;NA;NA;NA;NA;NA;100;30;2.75868;4.33;110;94;~867;17.4791;52.1874;NA;NA;NA;NA;NA;NA;NA;NA;NA;NA;NA;NA;NA;NA;NA;NA;NA;NA;NA;NA;NA;NA;NA;NA;NA;NA;NA;NA;NA;NA;NA;NA;NA
31;BINARY;malhonest;malicious-rep-bin;3;0.42;32;1;NA;NA;NA;1920;64;NA;NA;NA;7770;1532;10;30;0.763388;0.81;16;41;NA;0.956064;NA;4.8e-05;3;0.760297;4.8e-05;3;0.762474;0.000116;5;0.00255212;NA;NA;NA;0.955784;785;0.729152;NA;NA;NA;NA;NA;NA;NA;NA;NA;NA;NA;NA;NA;NA;NA;NA;NA;NA
31;BINARY;malhonest;malicious-rep-bin;3;NA;NA;NA;NA;NA;NA;NA;NA;NA;NA;NA;NA;NA;15;30;0.598472;0.64;20;54;NA;0.956064;NA;4.8e-05;3;0.595266;4.8e-05;3;0.596992;0.000116;5;0.00375258;NA;NA;NA;0.955784;785;0.563619;NA;NA;NA;NA;NA;NA;NA;NA;NA;NA;NA;NA;NA;NA;NA;NA;NA;NA
31;BINARY;malhonest;malicious-rep-bin;3;NA;NA;NA;NA;NA;NA;NA;NA;NA;NA;NA;NA;NA;20;30;0.550423;0.59;16;59;NA;0.956064;NA;4.8e-05;3;0.547561;4.8e-05;3;0.549018;0.000116;5;0.0051401;NA;NA;NA;0.955784;785;0.515018;NA;NA;NA;NA;NA;NA;NA;NA;NA;NA;NA;NA;NA;NA;NA;NA;NA;NA
31;BINARY;malhonest;malicious-rep-bin;3;NA;NA;NA;NA;NA;NA;NA;NA;NA;NA;NA;NA;NA;25;30;0.348986;0.38;18;31;NA;0.956064;NA;4.8e-05;3;0.345233;4.8e-05;3;0.349091;0.000116;5;0.00226023;NA;NA;NA;0.955784;785;0.32716;NA;NA;NA;NA;NA;NA;NA;NA;NA;NA;NA;NA;NA;NA;NA;NA;NA;NA
31;BINARY;malhonest;malicious-rep-bin;3;NA;NA;NA;NA;NA;NA;NA;NA;NA;NA;NA;NA;NA;30;30;0.450195;0.49;16;70;NA;0.956064;NA;4.8e-05;3;0.446559;4.8e-05;3;0.449768;0.000116;5;0.00223859;NA;NA;NA;0.955784;785;0.420046;NA;NA;NA;NA;NA;NA;NA;NA;NA;NA;NA;NA;NA;NA;NA;NA;NA;NA
31;BINARY;malhonest;malicious-rep-bin;3;NA;NA;NA;NA;NA;NA;NA;NA;NA;NA;NA;NA;NA;35;30;0.443043;0.48;18;72;NA;0.956064;NA;4.8e-05;3;0.440326;4.8e-05;3;0.441699;0.000116;5;0.00248122;NA;NA;NA;0.955784;785;0.414454;NA;NA;NA;NA;NA;NA;NA;NA;NA;NA;NA;NA;NA;NA;NA;NA;NA;NA
31;BINARY;malhonest;malicious-rep-bin;3;NA;NA;NA;NA;NA;NA;NA;NA;NA;NA;NA;NA;NA;40;30;0.421671;0.45;17;79;NA;0.956064;NA;4.8e-05;3;0.418114;4.8e-05;3;0.421386;0.000116;5;0.00279303;NA;NA;NA;0.955784;785;0.392139;NA;NA;NA;NA;NA;NA;NA;NA;NA;NA;NA;NA;NA;NA;NA;NA;NA;NA
31;BINARY;malhonest;malicious-rep-bin;3;NA;NA;NA;NA;NA;NA;NA;NA;NA;NA;NA;NA;NA;45;30;0.4268;0.46;18;76;NA;0.956064;NA;4.8e-05;3;0.424299;4.8e-05;3;0.425774;0.000116;5;0.00251904;NA;NA;NA;0.955784;785;0.397462;NA;NA;NA;NA;NA;NA;NA;NA;NA;NA;NA;NA;NA;NA;NA;NA;NA;NA
31;BINARY;malhonest;malicious-rep-bin;3;NA;NA;NA;NA;NA;NA;NA;NA;NA;NA;NA;NA;NA;50;30;0.353781;0.39;22;73;NA;0.956064;NA;4.8e-05;3;0.350508;4.8e-05;3;0.351937;0.000116;5;0.00417113;NA;NA;NA;0.955784;785;0.327496;NA;NA;NA;NA;NA;NA;NA;NA;NA;NA;NA;NA;NA;NA;NA;NA;NA;NA
31;BINARY;malhonest;malicious-rep-bin;3;NA;NA;NA;NA;NA;NA;NA;NA;NA;NA;NA;NA;NA;55;30;0.235963;0.28;16;44;NA;0.956064;NA;4.8e-05;3;0.232597;4.8e-05;3;0.236005;0.000116;5;0.00360152;NA;NA;NA;0.955784;785;0.214246;NA;NA;NA;NA;NA;NA;NA;NA;NA;NA;NA;NA;NA;NA;NA;NA;NA;NA
31;BINARY;malhonest;malicious-rep-bin;3;NA;NA;NA;NA;NA;NA;NA;NA;NA;NA;NA;NA;NA;60;30;0.374542;0.41;19;83;NA;0.956064;NA;4.8e-05;3;0.371601;4.8e-05;3;0.373289;0.000116;5;0.00288478;NA;NA;NA;0.955784;785;0.348979;NA;NA;NA;NA;NA;NA;NA;NA;NA;NA;NA;NA;NA;NA;NA;NA;NA;NA
31;BINARY;malhonest;malicious-rep-bin;3;NA;NA;NA;NA;NA;NA;NA;NA;NA;NA;NA;NA;NA;65;30;0.234799;0.27;18;80;NA;0.956064;NA;4.8e-05;3;0.231826;4.8e-05;3;0.233479;0.000116;5;0.00413583;NA;NA;NA;0.955784;785;0.210647;NA;NA;NA;NA;NA;NA;NA;NA;NA;NA;NA;NA;NA;NA;NA;NA;NA;NA
31;BINARY;malhonest;malicious-rep-bin;3;NA;NA;NA;NA;NA;NA;NA;NA;NA;NA;NA;NA;NA;70;30;0.367267;0.41;18;83;NA;0.956064;NA;4.8e-05;3;0.364318;4.8e-05;3;0.365979;0.000116;5;0.00313356;NA;NA;NA;0.955784;785;0.340269;NA;NA;NA;NA;NA;NA;NA;NA;NA;NA;NA;NA;NA;NA;NA;NA;NA;NA
31;BINARY;malhonest;malicious-rep-bin;3;NA;NA;NA;NA;NA;NA;NA;NA;NA;NA;NA;NA;NA;75;30;0.349314;0.38;16;84;NA;0.956064;NA;4.8e-05;3;0.346505;4.8e-05;3;0.348997;0.000116;5;0.00209503;NA;NA;NA;0.955784;785;0.324569;NA;NA;NA;NA;NA;NA;NA;NA;NA;NA;NA;NA;NA;NA;NA;NA;NA;NA
31;BINARY;malhonest;malicious-rep-bin;3;NA;NA;NA;NA;NA;NA;NA;NA;NA;NA;NA;NA;NA;80;30;0.147385;0.18;16;69;NA;0.956064;NA;4.8e-05;3;0.144275;4.8e-05;3;0.146003;0.000116;5;0.00327017;NA;NA;NA;0.955784;785;0.128001;NA;NA;NA;NA;NA;NA;NA;NA;NA;NA;NA;NA;NA;NA;NA;NA;NA;NA
31;BINARY;malhonest;malicious-rep-bin;3;NA;NA;NA;NA;NA;NA;NA;NA;NA;NA;NA;NA;NA;85;30;0.342662;0.38;19;85;NA;0.956064;NA;4.8e-05;3;0.339735;4.8e-05;3;0.341992;0.000116;5;0.00663163;NA;NA;NA;0.955784;785;0.31453;NA;NA;NA;NA;NA;NA;NA;NA;NA;NA;NA;NA;NA;NA;NA;NA;NA;NA
31;BINARY;malhonest;malicious-rep-bin;3;NA;NA;NA;NA;NA;NA;NA;NA;NA;NA;NA;NA;NA;90;30;0.372393;0.41;18;85;NA;0.956064;NA;4.8e-05;3;0.369596;4.8e-05;3;0.371154;0.000116;5;0.0077577;NA;NA;NA;0.955784;785;0.341044;NA;NA;NA;NA;NA;NA;NA;NA;NA;NA;NA;NA;NA;NA;NA;NA;NA;NA
31;BINARY;malhonest;malicious-rep-bin;3;NA;NA;NA;NA;NA;NA;NA;NA;NA;NA;NA;NA;NA;95;30;0.379292;0.42;19;85;NA;0.956064;NA;4.8e-05;3;0.376498;4.8e-05;3;0.37771;0.000116;5;0.00412793;NA;NA;NA;0.955784;785;0.348666;NA;NA;NA;NA;NA;NA;NA;NA;NA;NA;NA;NA;NA;NA;NA;NA;NA;NA
31;BINARY;malhonest;malicious-rep-bin;3;NA;NA;NA;NA;NA;NA;NA;NA;NA;NA;NA;NA;NA;100;30;0.311871;0.35;18;95;NA;0.956064;NA;4.8e-05;3;0.308761;4.8e-05;3;0.31024;0.000116;5;0.00256708;NA;NA;NA;0.955784;785;0.285402;NA;NA;NA;NA;NA;NA;NA;NA;NA;NA;NA;NA;NA;NA;NA;NA;NA;NA
31;BINARY;malhonest;malicious-ccd;3;0.42;32;1;NA;NA;NA;1920;64;NA;NA;NA;7770;1532;10;30;0.643865;0.69;15;56;NA;1.16047;NA;NA;NA;NA;NA;NA;NA;4.4e-05;3;0.452192;0.59072;5;0.633489;NA;NA;NA;0.284832;783;0.422739;NA;NA;NA;NA;NA;NA;NA;NA;NA;NA;NA;NA;NA;NA;NA
31;BINARY;malhonest;malicious-ccd;3;NA;NA;NA;NA;NA;NA;NA;NA;NA;NA;NA;NA;NA;15;30;0.558996;0.60;15;106;NA;1.16047;NA;NA;NA;NA;NA;NA;NA;4.4e-05;3;0.429603;0.59072;5;0.550426;NA;NA;NA;0.284832;783;0.395749;NA;NA;NA;NA;NA;NA;NA;NA;NA;NA;NA;NA;NA;NA;NA
31;BINARY;malhonest;malicious-ccd;3;NA;NA;NA;NA;NA;NA;NA;NA;NA;NA;NA;NA;NA;20;30;0.513754;0.55;15;120;NA;1.16047;NA;NA;NA;NA;NA;NA;NA;4.4e-05;3;0.416521;0.59072;5;0.505803;NA;NA;NA;0.284832;783;0.385788;NA;NA;NA;NA;NA;NA;NA;NA;NA;NA;NA;NA;NA;NA;NA
31;BINARY;malhonest;malicious-ccd;3;NA;NA;NA;NA;NA;NA;NA;NA;NA;NA;NA;NA;NA;25;30;0.487972;0.52;13;129;NA;1.16047;NA;NA;NA;NA;NA;NA;NA;4.4e-05;3;0.40881;0.59072;5;0.479368;NA;NA;NA;0.284832;783;0.378635;NA;NA;NA;NA;NA;NA;NA;NA;NA;NA;NA;NA;NA;NA;NA
31;BINARY;malhonest;malicious-ccd;3;NA;NA;NA;NA;NA;NA;NA;NA;NA;NA;NA;NA;NA;30;30;0.473191;0.52;15;134;NA;1.16047;NA;NA;NA;NA;NA;NA;NA;4.4e-05;3;0.405932;0.59072;5;0.464555;NA;NA;NA;0.284832;783;0.378885;NA;NA;NA;NA;NA;NA;NA;NA;NA;NA;NA;NA;NA;NA;NA
31;BINARY;malhonest;malicious-ccd;3;NA;NA;NA;NA;NA;NA;NA;NA;NA;NA;NA;NA;NA;35;30;0.448937;0.49;15;142;NA;1.16047;NA;NA;NA;NA;NA;NA;NA;4.4e-05;3;0.391774;0.59072;5;0.440714;NA;NA;NA;0.284832;783;0.365463;NA;NA;NA;NA;NA;NA;NA;NA;NA;NA;NA;NA;NA;NA;NA
31;BINARY;malhonest;malicious-ccd;3;NA;NA;NA;NA;NA;NA;NA;NA;NA;NA;NA;NA;NA;40;30;0.433907;0.48;13;137;NA;1.16047;NA;NA;NA;NA;NA;NA;NA;4.4e-05;3;0.383066;0.59072;5;0.426519;NA;NA;NA;0.284832;783;0.358925;NA;NA;NA;NA;NA;NA;NA;NA;NA;NA;NA;NA;NA;NA;NA
31;BINARY;malhonest;malicious-ccd;3;NA;NA;NA;NA;NA;NA;NA;NA;NA;NA;NA;NA;NA;45;30;0.431294;0.46;15;145;NA;1.16047;NA;NA;NA;NA;NA;NA;NA;4.4e-05;3;0.385291;0.59072;5;0.423144;NA;NA;NA;0.284832;783;0.361138;NA;NA;NA;NA;NA;NA;NA;NA;NA;NA;NA;NA;NA;NA;NA
31;BINARY;malhonest;malicious-ccd;3;NA;NA;NA;NA;NA;NA;NA;NA;NA;NA;NA;NA;NA;50;30;0.396098;0.44;13;132;NA;1.16047;NA;NA;NA;NA;NA;NA;NA;4.4e-05;3;0.353983;0.59072;5;0.387419;NA;NA;NA;0.284832;783;0.329736;NA;NA;NA;NA;NA;NA;NA;NA;NA;NA;NA;NA;NA;NA;NA
31;BINARY;malhonest;malicious-ccd;3;NA;NA;NA;NA;NA;NA;NA;NA;NA;NA;NA;NA;NA;55;30;0.40361;0.45;15;138;NA;1.16047;NA;NA;NA;NA;NA;NA;NA;4.4e-05;3;0.365056;0.59072;5;0.395392;NA;NA;NA;0.284832;783;0.340169;NA;NA;NA;NA;NA;NA;NA;NA;NA;NA;NA;NA;NA;NA;NA
31;BINARY;malhonest;malicious-ccd;3;NA;NA;NA;NA;NA;NA;NA;NA;NA;NA;NA;NA;NA;60;30;0.344407;0.39;15;149;NA;1.16047;NA;NA;NA;NA;NA;NA;NA;4.4e-05;3;0.308963;0.59072;5;0.336003;NA;NA;NA;0.284832;783;0.287737;NA;NA;NA;NA;NA;NA;NA;NA;NA;NA;NA;NA;NA;NA;NA
31;BINARY;malhonest;malicious-ccd;3;NA;NA;NA;NA;NA;NA;NA;NA;NA;NA;NA;NA;NA;65;30;0.348038;0.38;15;160;NA;1.16047;NA;NA;NA;NA;NA;NA;NA;4.4e-05;3;0.315801;0.59072;5;0.340398;NA;NA;NA;0.284832;783;0.294067;NA;NA;NA;NA;NA;NA;NA;NA;NA;NA;NA;NA;NA;NA;NA
31;BINARY;malhonest;malicious-ccd;3;NA;NA;NA;NA;NA;NA;NA;NA;NA;NA;NA;NA;NA;70;30;0.378695;0.42;15;145;NA;1.16047;NA;NA;NA;NA;NA;NA;NA;4.4e-05;3;0.347331;0.59072;5;0.370359;NA;NA;NA;0.284832;783;0.325925;NA;NA;NA;NA;NA;NA;NA;NA;NA;NA;NA;NA;NA;NA;NA
31;BINARY;malhonest;malicious-ccd;3;NA;NA;NA;NA;NA;NA;NA;NA;NA;NA;NA;NA;NA;75;30;0.391405;0.43;15;144;NA;1.16047;NA;NA;NA;NA;NA;NA;NA;4.4e-05;3;0.362278;0.59072;5;0.383322;NA;NA;NA;0.284832;783;0.341722;NA;NA;NA;NA;NA;NA;NA;NA;NA;NA;NA;NA;NA;NA;NA
31;BINARY;malhonest;malicious-ccd;3;NA;NA;NA;NA;NA;NA;NA;NA;NA;NA;NA;NA;NA;80;30;0.270709;0.31;15;143;NA;1.16047;NA;NA;NA;NA;NA;NA;NA;4.4e-05;3;0.24312;0.59072;5;0.262908;NA;NA;NA;0.284832;783;0.224439;NA;NA;NA;NA;NA;NA;NA;NA;NA;NA;NA;NA;NA;NA;NA
31;BINARY;malhonest;malicious-ccd;3;NA;NA;NA;NA;NA;NA;NA;NA;NA;NA;NA;NA;NA;85;30;0.384299;0.42;13;144;NA;1.16047;NA;NA;NA;NA;NA;NA;NA;4.4e-05;3;0.357624;0.59072;5;0.376069;NA;NA;NA;0.284832;783;0.33766;NA;NA;NA;NA;NA;NA;NA;NA;NA;NA;NA;NA;NA;NA;NA
31;BINARY;malhonest;malicious-ccd;3;NA;NA;NA;NA;NA;NA;NA;NA;NA;NA;NA;NA;NA;90;30;0.366931;0.40;13;157;NA;1.16047;NA;NA;NA;NA;NA;NA;NA;4.4e-05;3;0.342174;0.59072;5;0.359189;NA;NA;NA;0.284832;783;0.322181;NA;NA;NA;NA;NA;NA;NA;NA;NA;NA;NA;NA;NA;NA;NA
31;BINARY;malhonest;malicious-ccd;3;NA;NA;NA;NA;NA;NA;NA;NA;NA;NA;NA;NA;NA;95;30;0.373513;0.42;15;151;NA;1.16047;NA;NA;NA;NA;NA;NA;NA;4.4e-05;3;0.349732;0.59072;5;0.365102;NA;NA;NA;0.284832;783;0.329584;NA;NA;NA;NA;NA;NA;NA;NA;NA;NA;NA;NA;NA;NA;NA
31;BINARY;malhonest;malicious-ccd;3;NA;NA;NA;NA;NA;NA;NA;NA;NA;NA;NA;NA;NA;100;30;0.351838;0.40;13;147;NA;1.16047;NA;NA;NA;NA;NA;NA;NA;4.4e-05;3;0.329096;0.59072;5;0.344013;NA;NA;NA;0.284832;783;0.308531;NA;NA;NA;NA;NA;NA;NA;NA;NA;NA;NA;NA;NA;NA;NA
31;BINARY;malhonest;ps-rep-bin;3;0.42;32;1;NA;NA;NA;1920;64;NA;NA;NA;7770;1532;10;30;54.9748;55.02;373;3;NA;67.2439;NA;9.6e-05;6;27.3516;9.6e-05;6;54.9727;0.000284;11;0.0355211;NA;NA;NA;67.2433;789;53.982;NA;NA;NA;NA;NA;NA;NA;NA;NA;NA;NA;NA;NA;NA;NA;NA;NA;NA
31;BINARY;malhonest;ps-rep-bin;3;NA;NA;NA;NA;NA;NA;NA;NA;NA;NA;NA;NA;NA;15;30;37.1246;37.16;372;5;NA;67.2439;NA;9.6e-05;6;18.3987;9.6e-05;6;37.1475;0.000284;11;0.0589578;NA;NA;NA;67.2433;789;36.1426;NA;NA;NA;NA;NA;NA;NA;NA;NA;NA;NA;NA;NA;NA;NA;NA;NA;NA
31;BINARY;malhonest;ps-rep-bin;3;NA;NA;NA;NA;NA;NA;NA;NA;NA;NA;NA;NA;NA;20;30;28.1739;28.21;372;6;NA;67.2439;NA;9.6e-05;6;13.9239;9.6e-05;6;28.1956;0.000284;11;0.0458851;NA;NA;NA;67.2433;789;27.2005;NA;NA;NA;NA;NA;NA;NA;NA;NA;NA;NA;NA;NA;NA;NA;NA;NA;NA
31;BINARY;malhonest;ps-rep-bin;3;NA;NA;NA;NA;NA;NA;NA;NA;NA;NA;NA;NA;NA;25;30;22.761;22.79;373;8;NA;67.2439;NA;9.6e-05;6;11.2712;9.6e-05;6;22.7663;0.000284;11;0.0934192;NA;NA;NA;67.2433;789;21.7632;NA;NA;NA;NA;NA;NA;NA;NA;NA;NA;NA;NA;NA;NA;NA;NA;NA;NA
31;BINARY;malhonest;ps-rep-bin;3;NA;NA;NA;NA;NA;NA;NA;NA;NA;NA;NA;NA;NA;30;30;19.2226;19.27;373;10;NA;67.2439;NA;9.6e-05;6;9.42785;9.6e-05;6;19.2205;0.000284;11;0.052774;NA;NA;NA;67.2433;789;18.1506;NA;NA;NA;NA;NA;NA;NA;NA;NA;NA;NA;NA;NA;NA;NA;NA;NA;NA
31;BINARY;malhonest;ps-rep-bin;3;NA;NA;NA;NA;NA;NA;NA;NA;NA;NA;NA;NA;NA;35;30;16.5073;16.54;371;8;NA;67.2439;NA;9.6e-05;6;8.15335;9.6e-05;6;16.5065;0.000284;11;0.104987;NA;NA;NA;67.2433;789;15.6663;NA;NA;NA;NA;NA;NA;NA;NA;NA;NA;NA;NA;NA;NA;NA;NA;NA;NA
31;BINARY;malhonest;ps-rep-bin;3;NA;NA;NA;NA;NA;NA;NA;NA;NA;NA;NA;NA;NA;40;30;14.7461;14.79;371;13;NA;67.2439;NA;9.6e-05;6;7.18013;9.6e-05;6;14.7445;0.000284;11;0.0756174;NA;NA;NA;67.2433;789;13.6206;NA;NA;NA;NA;NA;NA;NA;NA;NA;NA;NA;NA;NA;NA;NA;NA;NA;NA
31;BINARY;malhonest;ps-rep-bin;3;NA;NA;NA;NA;NA;NA;NA;NA;NA;NA;NA;NA;NA;45;30;13.2807;13.33;371;15;NA;67.2439;NA;9.6e-05;6;6.47574;9.6e-05;6;13.2831;0.000284;11;0.0646484;NA;NA;NA;67.2433;789;12.2311;NA;NA;NA;NA;NA;NA;NA;NA;NA;NA;NA;NA;NA;NA;NA;NA;NA;NA
31;BINARY;malhonest;ps-rep-bin;3;NA;NA;NA;NA;NA;NA;NA;NA;NA;NA;NA;NA;NA;50;30;12.0812;12.13;373;16;NA;67.2439;NA;9.6e-05;6;5.86307;9.6e-05;6;12.0793;0.000284;11;0.0367087;NA;NA;NA;67.2433;789;11.0998;NA;NA;NA;NA;NA;NA;NA;NA;NA;NA;NA;NA;NA;NA;NA;NA;NA;NA
31;BINARY;malhonest;ps-rep-bin;3;NA;NA;NA;NA;NA;NA;NA;NA;NA;NA;NA;NA;NA;55;30;10.9784;11.01;372;18;NA;67.2439;NA;9.6e-05;6;5.37365;9.6e-05;6;10.9777;0.000284;11;0.027549;NA;NA;NA;67.2433;789;9.9593;NA;NA;NA;NA;NA;NA;NA;NA;NA;NA;NA;NA;NA;NA;NA;NA;NA;NA
31;BINARY;malhonest;ps-rep-bin;3;NA;NA;NA;NA;NA;NA;NA;NA;NA;NA;NA;NA;NA;60;30;10.0383;10.08;372;19;NA;67.2439;NA;9.6e-05;6;4.9504;9.6e-05;6;10.0359;0.000284;11;0.0341486;NA;NA;NA;67.2433;789;8.98748;NA;NA;NA;NA;NA;NA;NA;NA;NA;NA;NA;NA;NA;NA;NA;NA;NA;NA
31;BINARY;malhonest;ps-rep-bin;3;NA;NA;NA;NA;NA;NA;NA;NA;NA;NA;NA;NA;NA;65;30;9.37043;9.41;373;19;NA;67.2439;NA;9.6e-05;6;4.62435;9.6e-05;6;9.37018;0.000284;11;0.071857;NA;NA;NA;67.2433;789;8.37006;NA;NA;NA;NA;NA;NA;NA;NA;NA;NA;NA;NA;NA;NA;NA;NA;NA;NA
31;BINARY;malhonest;ps-rep-bin;3;NA;NA;NA;NA;NA;NA;NA;NA;NA;NA;NA;NA;NA;70;30;8.99287;9.03;372;21;NA;67.2439;NA;9.6e-05;6;4.33516;9.6e-05;6;8.99066;0.000284;11;0.0155649;NA;NA;NA;67.2433;789;7.9158;NA;NA;NA;NA;NA;NA;NA;NA;NA;NA;NA;NA;NA;NA;NA;NA;NA;NA
31;BINARY;malhonest;ps-rep-bin;3;NA;NA;NA;NA;NA;NA;NA;NA;NA;NA;NA;NA;NA;75;30;8.47235;8.51;372;25;NA;67.2439;NA;9.6e-05;6;4.09092;9.6e-05;6;8.47574;0.000284;11;0.00518678;NA;NA;NA;67.2433;789;7.42712;NA;NA;NA;NA;NA;NA;NA;NA;NA;NA;NA;NA;NA;NA;NA;NA;NA;NA
31;BINARY;malhonest;ps-rep-bin;3;NA;NA;NA;NA;NA;NA;NA;NA;NA;NA;NA;NA;NA;80;30;7.80859;7.85;371;25;NA;67.2439;NA;9.6e-05;6;3.8372;9.6e-05;6;7.80642;0.000284;11;0.053;NA;NA;NA;67.2433;789;6.72907;NA;NA;NA;NA;NA;NA;NA;NA;NA;NA;NA;NA;NA;NA;NA;NA;NA;NA
31;BINARY;malhonest;ps-rep-bin;3;NA;NA;NA;NA;NA;NA;NA;NA;NA;NA;NA;NA;NA;85;30;7.53021;7.57;373;23;NA;67.2439;NA;9.6e-05;6;3.64854;9.6e-05;6;7.52884;0.000284;11;0.0118884;NA;NA;NA;67.2433;789;6.48827;NA;NA;NA;NA;NA;NA;NA;NA;NA;NA;NA;NA;NA;NA;NA;NA;NA;NA
31;BINARY;malhonest;ps-rep-bin;3;NA;NA;NA;NA;NA;NA;NA;NA;NA;NA;NA;NA;NA;90;30;7.23648;7.27;373;28;NA;67.2439;NA;9.6e-05;6;3.47227;9.6e-05;6;7.23484;0.000284;11;0.00534936;NA;NA;NA;67.2433;789;6.20522;NA;NA;NA;NA;NA;NA;NA;NA;NA;NA;NA;NA;NA;NA;NA;NA;NA;NA
31;BINARY;malhonest;ps-rep-bin;3;NA;NA;NA;NA;NA;NA;NA;NA;NA;NA;NA;NA;NA;95;30;6.8778;6.92;371;27;NA;67.2439;NA;9.6e-05;6;3.31291;9.6e-05;6;6.87655;0.000284;11;0.010457;NA;NA;NA;67.2433;789;5.83132;NA;NA;NA;NA;NA;NA;NA;NA;NA;NA;NA;NA;NA;NA;NA;NA;NA;NA
31;BINARY;malhonest;ps-rep-bin;3;NA;NA;NA;NA;NA;NA;NA;NA;NA;NA;NA;NA;NA;100;30;6.61769;6.66;373;29;NA;67.2439;NA;9.6e-05;6;3.18998;9.6e-05;6;6.61686;0.000284;11;0.0266326;NA;NA;NA;67.2433;789;5.53612;NA;NA;NA;NA;NA;NA;NA;NA;NA;NA;NA;NA;NA;NA;NA;NA;NA;NA
31;BINARY;malhonest;mal-shamir-bmr;3;0.42;32;1;NA;NA;NA;1920;64;NA;NA;NA;7770;1532;10;30;13.8196;13.86;59;7;NA;33.8032;NA;NA;NA;NA;NA;NA;NA;NA;NA;NA;NA;NA;NA;NA;NA;NA;NA;NA;NA;NA;NA;NA;NA;NA;NA;NA;NA;NA;NA;NA;NA;NA;NA;NA
31;BINARY;malhonest;mal-shamir-bmr;3;NA;NA;NA;NA;NA;NA;NA;NA;NA;NA;NA;NA;NA;15;30;9.29708;9.34;60;10;NA;33.8032;NA;NA;NA;NA;NA;NA;NA;NA;NA;NA;NA;NA;NA;NA;NA;NA;NA;NA;NA;NA;NA;NA;NA;NA;NA;NA;NA;NA;NA;NA;NA;NA;NA;NA
31;BINARY;malhonest;mal-shamir-bmr;3;NA;NA;NA;NA;NA;NA;NA;NA;NA;NA;NA;NA;NA;20;30;7.05893;7.10;60;14;NA;33.8032;NA;NA;NA;NA;NA;NA;NA;NA;NA;NA;NA;NA;NA;NA;NA;NA;NA;NA;NA;NA;NA;NA;NA;NA;NA;NA;NA;NA;NA;NA;NA;NA;NA;NA
31;BINARY;malhonest;mal-shamir-bmr;3;NA;NA;NA;NA;NA;NA;NA;NA;NA;NA;NA;NA;NA;25;30;5.72341;5.76;58;18;NA;33.8032;NA;NA;NA;NA;NA;NA;NA;NA;NA;NA;NA;NA;NA;NA;NA;NA;NA;NA;NA;NA;NA;NA;NA;NA;NA;NA;NA;NA;NA;NA;NA;NA;NA;NA
31;BINARY;malhonest;mal-shamir-bmr;3;NA;NA;NA;NA;NA;NA;NA;NA;NA;NA;NA;NA;NA;30;30;4.81797;4.86;63;22;NA;33.8032;NA;NA;NA;NA;NA;NA;NA;NA;NA;NA;NA;NA;NA;NA;NA;NA;NA;NA;NA;NA;NA;NA;NA;NA;NA;NA;NA;NA;NA;NA;NA;NA;NA;NA
31;BINARY;malhonest;mal-shamir-bmr;3;NA;NA;NA;NA;NA;NA;NA;NA;NA;NA;NA;NA;NA;35;30;4.16903;4.21;57;25;NA;33.8032;NA;NA;NA;NA;NA;NA;NA;NA;NA;NA;NA;NA;NA;NA;NA;NA;NA;NA;NA;NA;NA;NA;NA;NA;NA;NA;NA;NA;NA;NA;NA;NA;NA;NA
31;BINARY;malhonest;mal-shamir-bmr;3;NA;NA;NA;NA;NA;NA;NA;NA;NA;NA;NA;NA;NA;40;30;3.706;3.74;58;28;NA;33.8032;NA;NA;NA;NA;NA;NA;NA;NA;NA;NA;NA;NA;NA;NA;NA;NA;NA;NA;NA;NA;NA;NA;NA;NA;NA;NA;NA;NA;NA;NA;NA;NA;NA;NA
31;BINARY;malhonest;mal-shamir-bmr;3;NA;NA;NA;NA;NA;NA;NA;NA;NA;NA;NA;NA;NA;45;30;3.33478;3.37;55;30;NA;33.8032;NA;NA;NA;NA;NA;NA;NA;NA;NA;NA;NA;NA;NA;NA;NA;NA;NA;NA;NA;NA;NA;NA;NA;NA;NA;NA;NA;NA;NA;NA;NA;NA;NA;NA
31;BINARY;malhonest;mal-shamir-bmr;3;NA;NA;NA;NA;NA;NA;NA;NA;NA;NA;NA;NA;NA;50;30;3.05133;3.09;57;33;NA;33.8032;NA;NA;NA;NA;NA;NA;NA;NA;NA;NA;NA;NA;NA;NA;NA;NA;NA;NA;NA;NA;NA;NA;NA;NA;NA;NA;NA;NA;NA;NA;NA;NA;NA;NA
31;BINARY;malhonest;mal-shamir-bmr;3;NA;NA;NA;NA;NA;NA;NA;NA;NA;NA;NA;NA;NA;55;30;2.78887;2.83;59;37;NA;33.8032;NA;NA;NA;NA;NA;NA;NA;NA;NA;NA;NA;NA;NA;NA;NA;NA;NA;NA;NA;NA;NA;NA;NA;NA;NA;NA;NA;NA;NA;NA;NA;NA;NA;NA
31;BINARY;malhonest;mal-shamir-bmr;3;NA;NA;NA;NA;NA;NA;NA;NA;NA;NA;NA;NA;NA;60;30;2.57425;2.62;60;36;NA;33.8032;NA;NA;NA;NA;NA;NA;NA;NA;NA;NA;NA;NA;NA;NA;NA;NA;NA;NA;NA;NA;NA;NA;NA;NA;NA;NA;NA;NA;NA;NA;NA;NA;NA;NA
31;BINARY;malhonest;mal-shamir-bmr;3;NA;NA;NA;NA;NA;NA;NA;NA;NA;NA;NA;NA;NA;65;30;2.45888;2.50;58;37;NA;33.8032;NA;NA;NA;NA;NA;NA;NA;NA;NA;NA;NA;NA;NA;NA;NA;NA;NA;NA;NA;NA;NA;NA;NA;NA;NA;NA;NA;NA;NA;NA;NA;NA;NA;NA
31;BINARY;malhonest;mal-shamir-bmr;3;NA;NA;NA;NA;NA;NA;NA;NA;NA;NA;NA;NA;NA;70;30;2.33718;2.38;57;43;NA;33.8032;NA;NA;NA;NA;NA;NA;NA;NA;NA;NA;NA;NA;NA;NA;NA;NA;NA;NA;NA;NA;NA;NA;NA;NA;NA;NA;NA;NA;NA;NA;NA;NA;NA;NA
31;BINARY;malhonest;mal-shamir-bmr;3;NA;NA;NA;NA;NA;NA;NA;NA;NA;NA;NA;NA;NA;75;30;2.19652;2.24;58;45;NA;33.8032;NA;NA;NA;NA;NA;NA;NA;NA;NA;NA;NA;NA;NA;NA;NA;NA;NA;NA;NA;NA;NA;NA;NA;NA;NA;NA;NA;NA;NA;NA;NA;NA;NA;NA
31;BINARY;malhonest;mal-shamir-bmr;3;NA;NA;NA;NA;NA;NA;NA;NA;NA;NA;NA;NA;NA;80;30;2.10974;2.15;62;45;NA;33.8032;NA;NA;NA;NA;NA;NA;NA;NA;NA;NA;NA;NA;NA;NA;NA;NA;NA;NA;NA;NA;NA;NA;NA;NA;NA;NA;NA;NA;NA;NA;NA;NA;NA;NA
31;BINARY;malhonest;mal-shamir-bmr;3;NA;NA;NA;NA;NA;NA;NA;NA;NA;NA;NA;NA;NA;85;30;2.00361;2.04;57;49;NA;33.8032;NA;NA;NA;NA;NA;NA;NA;NA;NA;NA;NA;NA;NA;NA;NA;NA;NA;NA;NA;NA;NA;NA;NA;NA;NA;NA;NA;NA;NA;NA;NA;NA;NA;NA
31;BINARY;malhonest;mal-shamir-bmr;3;NA;NA;NA;NA;NA;NA;NA;NA;NA;NA;NA;NA;NA;90;30;1.93777;1.99;58;49;NA;33.8032;NA;NA;NA;NA;NA;NA;NA;NA;NA;NA;NA;NA;NA;NA;NA;NA;NA;NA;NA;NA;NA;NA;NA;NA;NA;NA;NA;NA;NA;NA;NA;NA;NA;NA
31;BINARY;malhonest;mal-shamir-bmr;3;NA;NA;NA;NA;NA;NA;NA;NA;NA;NA;NA;NA;NA;95;30;1.85489;1.90;56;47;NA;33.8032;NA;NA;NA;NA;NA;NA;NA;NA;NA;NA;NA;NA;NA;NA;NA;NA;NA;NA;NA;NA;NA;NA;NA;NA;NA;NA;NA;NA;NA;NA;NA;NA;NA;NA
31;BINARY;malhonest;mal-shamir-bmr;3;NA;NA;NA;NA;NA;NA;NA;NA;NA;NA;NA;NA;NA;100;30;1.8107;1.86;60;53;NA;33.8032;NA;NA;NA;NA;NA;NA;NA;NA;NA;NA;NA;NA;NA;NA;NA;NA;NA;NA;NA;NA;NA;NA;NA;NA;NA;NA;NA;NA;NA;NA;NA;NA;NA;NA
31;BINARY;semihonest;shamir-bmr;3;0.42;32;1;NA;NA;NA;1920;64;NA;NA;NA;7770;1532;10;30;5.36394;5.40;46;6;NA;10.0261;NA;NA;NA;NA;NA;NA;NA;NA;NA;NA;NA;NA;NA;NA;NA;NA;NA;NA;NA;NA;NA;NA;NA;NA;NA;NA;NA;NA;NA;NA;NA;NA;NA;NA
31;BINARY;semihonest;shamir-bmr;3;NA;NA;NA;NA;NA;NA;NA;NA;NA;NA;NA;NA;NA;15;30;3.79617;3.83;48;8;NA;10.0261;NA;NA;NA;NA;NA;NA;NA;NA;NA;NA;NA;NA;NA;NA;NA;NA;NA;NA;NA;NA;NA;NA;NA;NA;NA;NA;NA;NA;NA;NA;NA;NA;NA;NA
31;BINARY;semihonest;shamir-bmr;3;NA;NA;NA;NA;NA;NA;NA;NA;NA;NA;NA;NA;NA;20;30;3.04388;3.08;46;10;NA;10.0261;NA;NA;NA;NA;NA;NA;NA;NA;NA;NA;NA;NA;NA;NA;NA;NA;NA;NA;NA;NA;NA;NA;NA;NA;NA;NA;NA;NA;NA;NA;NA;NA;NA;NA
31;BINARY;semihonest;shamir-bmr;3;NA;NA;NA;NA;NA;NA;NA;NA;NA;NA;NA;NA;NA;25;30;2.36849;2.40;45;12;NA;10.0261;NA;NA;NA;NA;NA;NA;NA;NA;NA;NA;NA;NA;NA;NA;NA;NA;NA;NA;NA;NA;NA;NA;NA;NA;NA;NA;NA;NA;NA;NA;NA;NA;NA;NA
31;BINARY;semihonest;shamir-bmr;3;NA;NA;NA;NA;NA;NA;NA;NA;NA;NA;NA;NA;NA;30;30;1.98323;2.03;44;14;NA;10.0261;NA;NA;NA;NA;NA;NA;NA;NA;NA;NA;NA;NA;NA;NA;NA;NA;NA;NA;NA;NA;NA;NA;NA;NA;NA;NA;NA;NA;NA;NA;NA;NA;NA;NA
31;BINARY;semihonest;shamir-bmr;3;NA;NA;NA;NA;NA;NA;NA;NA;NA;NA;NA;NA;NA;35;30;1.82341;1.86;43;17;NA;10.0261;NA;NA;NA;NA;NA;NA;NA;NA;NA;NA;NA;NA;NA;NA;NA;NA;NA;NA;NA;NA;NA;NA;NA;NA;NA;NA;NA;NA;NA;NA;NA;NA;NA;NA
31;BINARY;semihonest;shamir-bmr;3;NA;NA;NA;NA;NA;NA;NA;NA;NA;NA;NA;NA;NA;40;30;1.64251;1.69;46;19;NA;10.0261;NA;NA;NA;NA;NA;NA;NA;NA;NA;NA;NA;NA;NA;NA;NA;NA;NA;NA;NA;NA;NA;NA;NA;NA;NA;NA;NA;NA;NA;NA;NA;NA;NA;NA
31;BINARY;semihonest;shamir-bmr;3;NA;NA;NA;NA;NA;NA;NA;NA;NA;NA;NA;NA;NA;45;30;1.44928;1.49;44;21;NA;10.0261;NA;NA;NA;NA;NA;NA;NA;NA;NA;NA;NA;NA;NA;NA;NA;NA;NA;NA;NA;NA;NA;NA;NA;NA;NA;NA;NA;NA;NA;NA;NA;NA;NA;NA
31;BINARY;semihonest;shamir-bmr;3;NA;NA;NA;NA;NA;NA;NA;NA;NA;NA;NA;NA;NA;50;30;1.30375;1.34;45;23;NA;10.0261;NA;NA;NA;NA;NA;NA;NA;NA;NA;NA;NA;NA;NA;NA;NA;NA;NA;NA;NA;NA;NA;NA;NA;NA;NA;NA;NA;NA;NA;NA;NA;NA;NA;NA
31;BINARY;semihonest;shamir-bmr;3;NA;NA;NA;NA;NA;NA;NA;NA;NA;NA;NA;NA;NA;55;30;1.22033;1.27;46;23;NA;10.0261;NA;NA;NA;NA;NA;NA;NA;NA;NA;NA;NA;NA;NA;NA;NA;NA;NA;NA;NA;NA;NA;NA;NA;NA;NA;NA;NA;NA;NA;NA;NA;NA;NA;NA
31;BINARY;semihonest;shamir-bmr;3;NA;NA;NA;NA;NA;NA;NA;NA;NA;NA;NA;NA;NA;60;30;1.12712;1.17;45;27;NA;10.0261;NA;NA;NA;NA;NA;NA;NA;NA;NA;NA;NA;NA;NA;NA;NA;NA;NA;NA;NA;NA;NA;NA;NA;NA;NA;NA;NA;NA;NA;NA;NA;NA;NA;NA
31;BINARY;semihonest;shamir-bmr;3;NA;NA;NA;NA;NA;NA;NA;NA;NA;NA;NA;NA;NA;65;30;1.06862;1.10;44;28;NA;10.0261;NA;NA;NA;NA;NA;NA;NA;NA;NA;NA;NA;NA;NA;NA;NA;NA;NA;NA;NA;NA;NA;NA;NA;NA;NA;NA;NA;NA;NA;NA;NA;NA;NA;NA
31;BINARY;semihonest;shamir-bmr;3;NA;NA;NA;NA;NA;NA;NA;NA;NA;NA;NA;NA;NA;70;30;1.00735;1.04;43;29;NA;10.0261;NA;NA;NA;NA;NA;NA;NA;NA;NA;NA;NA;NA;NA;NA;NA;NA;NA;NA;NA;NA;NA;NA;NA;NA;NA;NA;NA;NA;NA;NA;NA;NA;NA;NA
31;BINARY;semihonest;shamir-bmr;3;NA;NA;NA;NA;NA;NA;NA;NA;NA;NA;NA;NA;NA;75;30;0.966068;1.00;45;28;NA;10.0261;NA;NA;NA;NA;NA;NA;NA;NA;NA;NA;NA;NA;NA;NA;NA;NA;NA;NA;NA;NA;NA;NA;NA;NA;NA;NA;NA;NA;NA;NA;NA;NA;NA;NA
31;BINARY;semihonest;shamir-bmr;3;NA;NA;NA;NA;NA;NA;NA;NA;NA;NA;NA;NA;NA;80;30;0.894465;0.93;49;33;NA;10.0261;NA;NA;NA;NA;NA;NA;NA;NA;NA;NA;NA;NA;NA;NA;NA;NA;NA;NA;NA;NA;NA;NA;NA;NA;NA;NA;NA;NA;NA;NA;NA;NA;NA;NA
31;BINARY;semihonest;shamir-bmr;3;NA;NA;NA;NA;NA;NA;NA;NA;NA;NA;NA;NA;NA;85;30;0.88485;0.93;48;33;NA;10.0261;NA;NA;NA;NA;NA;NA;NA;NA;NA;NA;NA;NA;NA;NA;NA;NA;NA;NA;NA;NA;NA;NA;NA;NA;NA;NA;NA;NA;NA;NA;NA;NA;NA;NA
31;BINARY;semihonest;shamir-bmr;3;NA;NA;NA;NA;NA;NA;NA;NA;NA;NA;NA;NA;NA;90;30;0.799417;0.84;46;29;NA;10.0261;NA;NA;NA;NA;NA;NA;NA;NA;NA;NA;NA;NA;NA;NA;NA;NA;NA;NA;NA;NA;NA;NA;NA;NA;NA;NA;NA;NA;NA;NA;NA;NA;NA;NA
31;BINARY;semihonest;shamir-bmr;3;NA;NA;NA;NA;NA;NA;NA;NA;NA;NA;NA;NA;NA;95;30;0.794586;0.84;45;33;NA;10.0261;NA;NA;NA;NA;NA;NA;NA;NA;NA;NA;NA;NA;NA;NA;NA;NA;NA;NA;NA;NA;NA;NA;NA;NA;NA;NA;NA;NA;NA;NA;NA;NA;NA;NA
31;BINARY;semihonest;shamir-bmr;3;NA;NA;NA;NA;NA;NA;NA;NA;NA;NA;NA;NA;NA;100;30;0.718338;0.76;43;35;NA;10.0261;NA;NA;NA;NA;NA;NA;NA;NA;NA;NA;NA;NA;NA;NA;NA;NA;NA;NA;NA;NA;NA;NA;NA;NA;NA;NA;NA;NA;NA;NA;NA;NA;NA;NA
31;BINARY;semihonest;rep-bmr;3;0.42;32;1;NA;NA;NA;1920;64;NA;NA;NA;7770;1532;10;30;3.67809;3.72;38;5;NA;4.82333;NA;NA;NA;NA;NA;NA;NA;NA;NA;NA;NA;NA;NA;NA;NA;NA;NA;NA;NA;NA;NA;NA;NA;NA;NA;NA;NA;NA;NA;NA;NA;NA;NA;NA
31;BINARY;semihonest;rep-bmr;3;NA;NA;NA;NA;NA;NA;NA;NA;NA;NA;NA;NA;NA;15;30;2.48067;2.52;38;8;NA;4.82333;NA;NA;NA;NA;NA;NA;NA;NA;NA;NA;NA;NA;NA;NA;NA;NA;NA;NA;NA;NA;NA;NA;NA;NA;NA;NA;NA;NA;NA;NA;NA;NA;NA;NA
31;BINARY;semihonest;rep-bmr;3;NA;NA;NA;NA;NA;NA;NA;NA;NA;NA;NA;NA;NA;20;30;1.88626;1.93;42;11;NA;4.82333;NA;NA;NA;NA;NA;NA;NA;NA;NA;NA;NA;NA;NA;NA;NA;NA;NA;NA;NA;NA;NA;NA;NA;NA;NA;NA;NA;NA;NA;NA;NA;NA;NA;NA
31;BINARY;semihonest;rep-bmr;3;NA;NA;NA;NA;NA;NA;NA;NA;NA;NA;NA;NA;NA;25;30;1.53098;1.57;39;14;NA;4.82333;NA;NA;NA;NA;NA;NA;NA;NA;NA;NA;NA;NA;NA;NA;NA;NA;NA;NA;NA;NA;NA;NA;NA;NA;NA;NA;NA;NA;NA;NA;NA;NA;NA;NA
31;BINARY;semihonest;rep-bmr;3;NA;NA;NA;NA;NA;NA;NA;NA;NA;NA;NA;NA;NA;30;30;1.3005;1.35;40;16;NA;4.82333;NA;NA;NA;NA;NA;NA;NA;NA;NA;NA;NA;NA;NA;NA;NA;NA;NA;NA;NA;NA;NA;NA;NA;NA;NA;NA;NA;NA;NA;NA;NA;NA;NA;NA
31;BINARY;semihonest;rep-bmr;3;NA;NA;NA;NA;NA;NA;NA;NA;NA;NA;NA;NA;NA;35;30;1.12949;1.17;36;16;NA;4.82333;NA;NA;NA;NA;NA;NA;NA;NA;NA;NA;NA;NA;NA;NA;NA;NA;NA;NA;NA;NA;NA;NA;NA;NA;NA;NA;NA;NA;NA;NA;NA;NA;NA;NA
31;BINARY;semihonest;rep-bmr;3;NA;NA;NA;NA;NA;NA;NA;NA;NA;NA;NA;NA;NA;40;30;0.998753;1.04;38;20;NA;4.82333;NA;NA;NA;NA;NA;NA;NA;NA;NA;NA;NA;NA;NA;NA;NA;NA;NA;NA;NA;NA;NA;NA;NA;NA;NA;NA;NA;NA;NA;NA;NA;NA;NA;NA
31;BINARY;semihonest;rep-bmr;3;NA;NA;NA;NA;NA;NA;NA;NA;NA;NA;NA;NA;NA;45;30;0.914183;0.95;38;22;NA;4.82333;NA;NA;NA;NA;NA;NA;NA;NA;NA;NA;NA;NA;NA;NA;NA;NA;NA;NA;NA;NA;NA;NA;NA;NA;NA;NA;NA;NA;NA;NA;NA;NA;NA;NA
31;BINARY;semihonest;rep-bmr;3;NA;NA;NA;NA;NA;NA;NA;NA;NA;NA;NA;NA;NA;50;30;0.833091;0.87;40;25;NA;4.82333;NA;NA;NA;NA;NA;NA;NA;NA;NA;NA;NA;NA;NA;NA;NA;NA;NA;NA;NA;NA;NA;NA;NA;NA;NA;NA;NA;NA;NA;NA;NA;NA;NA;NA
31;BINARY;semihonest;rep-bmr;3;NA;NA;NA;NA;NA;NA;NA;NA;NA;NA;NA;NA;NA;55;30;0.765531;0.81;38;23;NA;4.82333;NA;NA;NA;NA;NA;NA;NA;NA;NA;NA;NA;NA;NA;NA;NA;NA;NA;NA;NA;NA;NA;NA;NA;NA;NA;NA;NA;NA;NA;NA;NA;NA;NA;NA
31;BINARY;semihonest;rep-bmr;3;NA;NA;NA;NA;NA;NA;NA;NA;NA;NA;NA;NA;NA;60;30;0.706254;0.74;37;27;NA;4.82333;NA;NA;NA;NA;NA;NA;NA;NA;NA;NA;NA;NA;NA;NA;NA;NA;NA;NA;NA;NA;NA;NA;NA;NA;NA;NA;NA;NA;NA;NA;NA;NA;NA;NA
31;BINARY;semihonest;rep-bmr;3;NA;NA;NA;NA;NA;NA;NA;NA;NA;NA;NA;NA;NA;65;30;0.674719;0.72;43;31;NA;4.82333;NA;NA;NA;NA;NA;NA;NA;NA;NA;NA;NA;NA;NA;NA;NA;NA;NA;NA;NA;NA;NA;NA;NA;NA;NA;NA;NA;NA;NA;NA;NA;NA;NA;NA
31;BINARY;semihonest;rep-bmr;3;NA;NA;NA;NA;NA;NA;NA;NA;NA;NA;NA;NA;NA;70;30;0.628694;0.67;38;30;NA;4.82333;NA;NA;NA;NA;NA;NA;NA;NA;NA;NA;NA;NA;NA;NA;NA;NA;NA;NA;NA;NA;NA;NA;NA;NA;NA;NA;NA;NA;NA;NA;NA;NA;NA;NA
31;BINARY;semihonest;rep-bmr;3;NA;NA;NA;NA;NA;NA;NA;NA;NA;NA;NA;NA;NA;75;30;0.600219;0.64;38;33;NA;4.82333;NA;NA;NA;NA;NA;NA;NA;NA;NA;NA;NA;NA;NA;NA;NA;NA;NA;NA;NA;NA;NA;NA;NA;NA;NA;NA;NA;NA;NA;NA;NA;NA;NA;NA
31;BINARY;semihonest;rep-bmr;3;NA;NA;NA;NA;NA;NA;NA;NA;NA;NA;NA;NA;NA;80;30;0.574034;0.62;39;35;NA;4.82333;NA;NA;NA;NA;NA;NA;NA;NA;NA;NA;NA;NA;NA;NA;NA;NA;NA;NA;NA;NA;NA;NA;NA;NA;NA;NA;NA;NA;NA;NA;NA;NA;NA;NA
31;BINARY;semihonest;rep-bmr;3;NA;NA;NA;NA;NA;NA;NA;NA;NA;NA;NA;NA;NA;85;30;0.544407;0.59;40;34;NA;4.82333;NA;NA;NA;NA;NA;NA;NA;NA;NA;NA;NA;NA;NA;NA;NA;NA;NA;NA;NA;NA;NA;NA;NA;NA;NA;NA;NA;NA;NA;NA;NA;NA;NA;NA
31;BINARY;semihonest;rep-bmr;3;NA;NA;NA;NA;NA;NA;NA;NA;NA;NA;NA;NA;NA;90;30;0.512469;0.55;36;31;NA;4.82333;NA;NA;NA;NA;NA;NA;NA;NA;NA;NA;NA;NA;NA;NA;NA;NA;NA;NA;NA;NA;NA;NA;NA;NA;NA;NA;NA;NA;NA;NA;NA;NA;NA;NA
31;BINARY;semihonest;rep-bmr;3;NA;NA;NA;NA;NA;NA;NA;NA;NA;NA;NA;NA;NA;95;30;0.509266;0.55;38;38;NA;4.82333;NA;NA;NA;NA;NA;NA;NA;NA;NA;NA;NA;NA;NA;NA;NA;NA;NA;NA;NA;NA;NA;NA;NA;NA;NA;NA;NA;NA;NA;NA;NA;NA;NA;NA
31;BINARY;semihonest;rep-bmr;3;NA;NA;NA;NA;NA;NA;NA;NA;NA;NA;NA;NA;NA;100;30;0.473401;0.51;38;39;NA;4.82333;NA;NA;NA;NA;NA;NA;NA;NA;NA;NA;NA;NA;NA;NA;NA;NA;NA;NA;NA;NA;NA;NA;NA;NA;NA;NA;NA;NA;NA;NA;NA;NA;NA;NA
31;BINARY;semihonest;replicated-bin;3;0.42;32;1;NA;NA;NA;1920;64;NA;NA;NA;7770;1532;10;30;0.278853;0.33;9;86;NA;0.009746;NA;4.8e-05;3;0.276033;4.8e-05;3;0.278829;NA;NA;NA;NA;NA;NA;0.009698;782;0.270298;NA;NA;NA;NA;NA;NA;NA;NA;NA;NA;NA;NA;NA;NA;NA;NA;NA;NA
31;BINARY;semihonest;replicated-bin;3;NA;NA;NA;NA;NA;NA;NA;NA;NA;NA;NA;NA;NA;15;30;0.0633258;0.10;11;77;NA;0.009746;NA;4.8e-05;3;0.0615578;4.8e-05;3;0.062167;NA;NA;NA;NA;NA;NA;0.009698;782;0.0588091;NA;NA;NA;NA;NA;NA;NA;NA;NA;NA;NA;NA;NA;NA;NA;NA;NA;NA
31;BINARY;semihonest;replicated-bin;3;NA;NA;NA;NA;NA;NA;NA;NA;NA;NA;NA;NA;NA;20;30;0.295924;0.33;11;91;NA;0.009746;NA;4.8e-05;3;0.294078;4.8e-05;3;0.294825;NA;NA;NA;NA;NA;NA;0.009698;782;0.288118;NA;NA;NA;NA;NA;NA;NA;NA;NA;NA;NA;NA;NA;NA;NA;NA;NA;NA
31;BINARY;semihonest;replicated-bin;3;NA;NA;NA;NA;NA;NA;NA;NA;NA;NA;NA;NA;NA;25;30;0.295478;0.33;10;91;NA;0.009746;NA;4.8e-05;3;0.292783;4.8e-05;3;0.295304;NA;NA;NA;NA;NA;NA;0.009698;782;0.286848;NA;NA;NA;NA;NA;NA;NA;NA;NA;NA;NA;NA;NA;NA;NA;NA;NA;NA
31;BINARY;semihonest;replicated-bin;3;NA;NA;NA;NA;NA;NA;NA;NA;NA;NA;NA;NA;NA;30;30;0.282995;0.33;10;88;NA;0.009746;NA;4.8e-05;3;0.28019;4.8e-05;3;0.282591;NA;NA;NA;NA;NA;NA;0.009698;782;0.274672;NA;NA;NA;NA;NA;NA;NA;NA;NA;NA;NA;NA;NA;NA;NA;NA;NA;NA
31;BINARY;semihonest;replicated-bin;3;NA;NA;NA;NA;NA;NA;NA;NA;NA;NA;NA;NA;NA;35;30;0.260883;0.30;10;88;NA;0.009746;NA;4.8e-05;3;0.258677;4.8e-05;3;0.259805;NA;NA;NA;NA;NA;NA;0.009698;782;0.252874;NA;NA;NA;NA;NA;NA;NA;NA;NA;NA;NA;NA;NA;NA;NA;NA;NA;NA
31;BINARY;semihonest;replicated-bin;3;NA;NA;NA;NA;NA;NA;NA;NA;NA;NA;NA;NA;NA;40;30;0.248569;0.28;9;91;NA;0.009746;NA;4.8e-05;3;0.246636;4.8e-05;3;0.247829;NA;NA;NA;NA;NA;NA;0.009698;782;0.240701;NA;NA;NA;NA;NA;NA;NA;NA;NA;NA;NA;NA;NA;NA;NA;NA;NA;NA
31;BINARY;semihonest;replicated-bin;3;NA;NA;NA;NA;NA;NA;NA;NA;NA;NA;NA;NA;NA;45;30;0.281547;0.32;11;90;NA;0.009746;NA;4.8e-05;3;0.279307;4.8e-05;3;0.279996;NA;NA;NA;NA;NA;NA;0.009698;782;0.273521;NA;NA;NA;NA;NA;NA;NA;NA;NA;NA;NA;NA;NA;NA;NA;NA;NA;NA
31;BINARY;semihonest;replicated-bin;3;NA;NA;NA;NA;NA;NA;NA;NA;NA;NA;NA;NA;NA;50;30;0.223142;0.27;11;66;NA;0.009746;NA;4.8e-05;3;0.221132;4.8e-05;3;0.22228;NA;NA;NA;NA;NA;NA;0.009698;782;0.215837;NA;NA;NA;NA;NA;NA;NA;NA;NA;NA;NA;NA;NA;NA;NA;NA;NA;NA
31;BINARY;semihonest;replicated-bin;3;NA;NA;NA;NA;NA;NA;NA;NA;NA;NA;NA;NA;NA;55;30;0.258628;0.31;11;85;NA;0.009746;NA;4.8e-05;3;0.256683;4.8e-05;3;0.257242;NA;NA;NA;NA;NA;NA;0.009698;782;0.251415;NA;NA;NA;NA;NA;NA;NA;NA;NA;NA;NA;NA;NA;NA;NA;NA;NA;NA
31;BINARY;semihonest;replicated-bin;3;NA;NA;NA;NA;NA;NA;NA;NA;NA;NA;NA;NA;NA;60;30;0.053866;0.09;11;75;NA;0.009746;NA;4.8e-05;3;0.0524013;4.8e-05;3;0.052935;NA;NA;NA;NA;NA;NA;0.009698;782;0.049598;NA;NA;NA;NA;NA;NA;NA;NA;NA;NA;NA;NA;NA;NA;NA;NA;NA;NA
31;BINARY;semihonest;replicated-bin;3;NA;NA;NA;NA;NA;NA;NA;NA;NA;NA;NA;NA;NA;65;30;0.180215;0.22;9;93;NA;0.009746;NA;4.8e-05;3;0.177799;4.8e-05;3;0.180574;NA;NA;NA;NA;NA;NA;0.009698;782;0.173004;NA;NA;NA;NA;NA;NA;NA;NA;NA;NA;NA;NA;NA;NA;NA;NA;NA;NA
31;BINARY;semihonest;replicated-bin;3;NA;NA;NA;NA;NA;NA;NA;NA;NA;NA;NA;NA;NA;70;30;0.195644;0.23;12;93;NA;0.009746;NA;4.8e-05;3;0.193509;4.8e-05;3;0.194116;NA;NA;NA;NA;NA;NA;0.009698;782;0.188111;NA;NA;NA;NA;NA;NA;NA;NA;NA;NA;NA;NA;NA;NA;NA;NA;NA;NA
31;BINARY;semihonest;replicated-bin;3;NA;NA;NA;NA;NA;NA;NA;NA;NA;NA;NA;NA;NA;75;30;0.248726;0.28;9;94;NA;0.009746;NA;4.8e-05;3;0.246831;4.8e-05;3;0.248154;NA;NA;NA;NA;NA;NA;0.009698;782;0.240409;NA;NA;NA;NA;NA;NA;NA;NA;NA;NA;NA;NA;NA;NA;NA;NA;NA;NA
31;BINARY;semihonest;replicated-bin;3;NA;NA;NA;NA;NA;NA;NA;NA;NA;NA;NA;NA;NA;80;30;0.125796;0.16;10;88;NA;0.009746;NA;4.8e-05;3;0.124411;4.8e-05;3;0.125191;NA;NA;NA;NA;NA;NA;0.009698;782;0.120768;NA;NA;NA;NA;NA;NA;NA;NA;NA;NA;NA;NA;NA;NA;NA;NA;NA;NA
31;BINARY;semihonest;replicated-bin;3;NA;NA;NA;NA;NA;NA;NA;NA;NA;NA;NA;NA;NA;85;30;0.249;0.30;11;87;NA;0.009746;NA;4.8e-05;3;0.246919;4.8e-05;3;0.247885;NA;NA;NA;NA;NA;NA;0.009698;782;0.241295;NA;NA;NA;NA;NA;NA;NA;NA;NA;NA;NA;NA;NA;NA;NA;NA;NA;NA
31;BINARY;semihonest;replicated-bin;3;NA;NA;NA;NA;NA;NA;NA;NA;NA;NA;NA;NA;NA;90;30;0.221932;0.26;9;73;NA;0.009746;NA;4.8e-05;3;0.220367;4.8e-05;3;0.221184;NA;NA;NA;NA;NA;NA;0.009698;782;0.214575;NA;NA;NA;NA;NA;NA;NA;NA;NA;NA;NA;NA;NA;NA;NA;NA;NA;NA
31;BINARY;semihonest;replicated-bin;3;NA;NA;NA;NA;NA;NA;NA;NA;NA;NA;NA;NA;NA;95;30;0.269841;0.31;12;94;NA;0.009746;NA;4.8e-05;3;0.267657;4.8e-05;3;0.268326;NA;NA;NA;NA;NA;NA;0.009698;782;0.261664;NA;NA;NA;NA;NA;NA;NA;NA;NA;NA;NA;NA;NA;NA;NA;NA;NA;NA
31;BINARY;semihonest;replicated-bin;3;NA;NA;NA;NA;NA;NA;NA;NA;NA;NA;NA;NA;NA;100;30;0.206903;0.24;11;78;NA;0.009746;NA;4.8e-05;3;0.205041;4.8e-05;3;0.205744;NA;NA;NA;NA;NA;NA;0.009698;782;0.200205;NA;NA;NA;NA;NA;NA;NA;NA;NA;NA;NA;NA;NA;NA;NA;NA;NA;NA
31;BINARY;semihonest;ccd;3;0.42;32;1;NA;NA;NA;1920;64;NA;NA;NA;7770;1532;10;30;0.346089;0.39;10;152;NA;0.019444;NA;NA;NA;NA;NA;NA;NA;NA;NA;NA;0.01938;781;0.334274;NA;NA;NA;6.4e-05;1;0.000984203;NA;NA;NA;NA;NA;NA;NA;NA;NA;NA;NA;NA;NA;NA;NA
31;BINARY;semihonest;ccd;3;NA;NA;NA;NA;NA;NA;NA;NA;NA;NA;NA;NA;NA;15;30;0.294751;0.33;10;137;NA;0.019444;NA;NA;NA;NA;NA;NA;NA;NA;NA;NA;0.01938;781;0.283692;NA;NA;NA;6.4e-05;1;0.000755667;NA;NA;NA;NA;NA;NA;NA;NA;NA;NA;NA;NA;NA;NA;NA
31;BINARY;semihonest;ccd;3;NA;NA;NA;NA;NA;NA;NA;NA;NA;NA;NA;NA;NA;20;30;0.344048;0.38;12;165;NA;0.019444;NA;NA;NA;NA;NA;NA;NA;NA;NA;NA;0.01938;781;0.331706;NA;NA;NA;6.4e-05;1;0.000592048;NA;NA;NA;NA;NA;NA;NA;NA;NA;NA;NA;NA;NA;NA;NA
31;BINARY;semihonest;ccd;3;NA;NA;NA;NA;NA;NA;NA;NA;NA;NA;NA;NA;NA;25;30;0.342004;0.38;12;164;NA;0.019444;NA;NA;NA;NA;NA;NA;NA;NA;NA;NA;0.01938;781;0.330084;NA;NA;NA;6.4e-05;1;0.000675989;NA;NA;NA;NA;NA;NA;NA;NA;NA;NA;NA;NA;NA;NA;NA
31;BINARY;semihonest;ccd;3;NA;NA;NA;NA;NA;NA;NA;NA;NA;NA;NA;NA;NA;30;30;0.33809;0.39;12;153;NA;0.019444;NA;NA;NA;NA;NA;NA;NA;NA;NA;NA;0.01938;781;0.325768;NA;NA;NA;6.4e-05;1;0.000654327;NA;NA;NA;NA;NA;NA;NA;NA;NA;NA;NA;NA;NA;NA;NA
31;BINARY;semihonest;ccd;3;NA;NA;NA;NA;NA;NA;NA;NA;NA;NA;NA;NA;NA;35;30;0.344643;0.38;11;163;NA;0.019444;NA;NA;NA;NA;NA;NA;NA;NA;NA;NA;0.01938;781;0.333448;NA;NA;NA;6.4e-05;1;0.00104539;NA;NA;NA;NA;NA;NA;NA;NA;NA;NA;NA;NA;NA;NA;NA
31;BINARY;semihonest;ccd;3;NA;NA;NA;NA;NA;NA;NA;NA;NA;NA;NA;NA;NA;40;30;0.342283;0.38;11;160;NA;0.019444;NA;NA;NA;NA;NA;NA;NA;NA;NA;NA;0.01938;781;0.330275;NA;NA;NA;6.4e-05;1;0.00101349;NA;NA;NA;NA;NA;NA;NA;NA;NA;NA;NA;NA;NA;NA;NA
31;BINARY;semihonest;ccd;3;NA;NA;NA;NA;NA;NA;NA;NA;NA;NA;NA;NA;NA;45;30;0.348756;0.39;10;161;NA;0.019444;NA;NA;NA;NA;NA;NA;NA;NA;NA;NA;0.01938;781;0.335919;NA;NA;NA;6.4e-05;1;0.000703303;NA;NA;NA;NA;NA;NA;NA;NA;NA;NA;NA;NA;NA;NA;NA
31;BINARY;semihonest;ccd;3;NA;NA;NA;NA;NA;NA;NA;NA;NA;NA;NA;NA;NA;50;30;0.333741;0.38;10;132;NA;0.019444;NA;NA;NA;NA;NA;NA;NA;NA;NA;NA;0.01938;781;0.321315;NA;NA;NA;6.4e-05;1;0.000940473;NA;NA;NA;NA;NA;NA;NA;NA;NA;NA;NA;NA;NA;NA;NA
31;BINARY;semihonest;ccd;3;NA;NA;NA;NA;NA;NA;NA;NA;NA;NA;NA;NA;NA;55;30;0.344188;0.39;10;155;NA;0.019444;NA;NA;NA;NA;NA;NA;NA;NA;NA;NA;0.01938;781;0.33257;NA;NA;NA;6.4e-05;1;0.000853859;NA;NA;NA;NA;NA;NA;NA;NA;NA;NA;NA;NA;NA;NA;NA
31;BINARY;semihonest;ccd;3;NA;NA;NA;NA;NA;NA;NA;NA;NA;NA;NA;NA;NA;60;30;0.275319;0.31;12;162;NA;0.019444;NA;NA;NA;NA;NA;NA;NA;NA;NA;NA;0.01938;781;0.264448;NA;NA;NA;6.4e-05;1;0.000484098;NA;NA;NA;NA;NA;NA;NA;NA;NA;NA;NA;NA;NA;NA;NA
31;BINARY;semihonest;ccd;3;NA;NA;NA;NA;NA;NA;NA;NA;NA;NA;NA;NA;NA;65;30;0.343708;0.40;12;150;NA;0.019444;NA;NA;NA;NA;NA;NA;NA;NA;NA;NA;0.01938;781;0.332259;NA;NA;NA;6.4e-05;1;0.000808013;NA;NA;NA;NA;NA;NA;NA;NA;NA;NA;NA;NA;NA;NA;NA
31;BINARY;semihonest;ccd;3;NA;NA;NA;NA;NA;NA;NA;NA;NA;NA;NA;NA;NA;70;30;0.328708;0.37;12;143;NA;0.019444;NA;NA;NA;NA;NA;NA;NA;NA;NA;NA;0.01938;781;0.316677;NA;NA;NA;6.4e-05;1;0.00101262;NA;NA;NA;NA;NA;NA;NA;NA;NA;NA;NA;NA;NA;NA;NA
31;BINARY;semihonest;ccd;3;NA;NA;NA;NA;NA;NA;NA;NA;NA;NA;NA;NA;NA;75;30;0.25633;0.29;11;142;NA;0.019444;NA;NA;NA;NA;NA;NA;NA;NA;NA;NA;0.01938;781;0.24606;NA;NA;NA;6.4e-05;1;0.000716354;NA;NA;NA;NA;NA;NA;NA;NA;NA;NA;NA;NA;NA;NA;NA
31;BINARY;semihonest;ccd;3;NA;NA;NA;NA;NA;NA;NA;NA;NA;NA;NA;NA;NA;80;30;0.302713;0.34;12;145;NA;0.019444;NA;NA;NA;NA;NA;NA;NA;NA;NA;NA;0.01938;781;0.291379;NA;NA;NA;6.4e-05;1;0.000694526;NA;NA;NA;NA;NA;NA;NA;NA;NA;NA;NA;NA;NA;NA;NA
31;BINARY;semihonest;ccd;3;NA;NA;NA;NA;NA;NA;NA;NA;NA;NA;NA;NA;NA;85;30;0.332205;0.38;12;145;NA;0.019444;NA;NA;NA;NA;NA;NA;NA;NA;NA;NA;0.01938;781;0.321585;NA;NA;NA;6.4e-05;1;0.000963928;NA;NA;NA;NA;NA;NA;NA;NA;NA;NA;NA;NA;NA;NA;NA
31;BINARY;semihonest;ccd;3;NA;NA;NA;NA;NA;NA;NA;NA;NA;NA;NA;NA;NA;90;30;0.330196;0.37;12;142;NA;0.019444;NA;NA;NA;NA;NA;NA;NA;NA;NA;NA;0.01938;781;0.318372;NA;NA;NA;6.4e-05;1;0.000697704;NA;NA;NA;NA;NA;NA;NA;NA;NA;NA;NA;NA;NA;NA;NA
31;BINARY;semihonest;ccd;3;NA;NA;NA;NA;NA;NA;NA;NA;NA;NA;NA;NA;NA;95;30;0.333438;0.37;12;159;NA;0.019444;NA;NA;NA;NA;NA;NA;NA;NA;NA;NA;0.01938;781;0.320856;NA;NA;NA;6.4e-05;1;0.000904374;NA;NA;NA;NA;NA;NA;NA;NA;NA;NA;NA;NA;NA;NA;NA
31;BINARY;semihonest;ccd;3;NA;NA;NA;NA;NA;NA;NA;NA;NA;NA;NA;NA;NA;100;30;0.284373;0.33;12;125;NA;0.019444;NA;NA;NA;NA;NA;NA;NA;NA;NA;NA;0.01938;781;0.273373;NA;NA;NA;6.4e-05;1;0.000784311;NA;NA;NA;NA;NA;NA;NA;NA;NA;NA;NA;NA;NA;NA;NA
